0,1961,0,100.00,500.00,201 to 500 employees
1,1893,0,2.00,5000.00,10000+ employees
3,2002,253,50.00,100.00,201 to 500 employees
4,2009,0,100.00,500.00,501 to 1000 employees
7,1914,0,100.00,500.00,201 to 500 employees
8,1896,255,1.00,2000.00,5001 to 10000 employees
10,1841,0,5.00,10000.00,10000+ employees
12,1884,13,2.00,5000.00,10000+ employees
13,2004,0,100.00,500.00,201 to 500 employees
14,2016,116,1.00,5.00,1001 to 5000 employees
17,1996,257,25.00,50.00,51 to 200 employees
18,1958,258,100.00,500.00,501 to 1000 employees
22,1969,259,5.00,10000.00,10000+ employees
26,2011,261,10.00,25.00,201 to 500 employees
30,2005,232,25.00,50.00,51 to 200 employees
36,2018,0,1.00,5.00,51 to 200 employees
44,1956,268,500.00,1000.00,1001 to 5000 employees
1505,1956,268,500.00,1000.00,1001 to 5000 employees
45,2007,0,100.00,500.00,501 to 1000 employees
47,2002,178,500.00,1000.00,1001 to 5000 employees
49,1990,90,50.00,100.00,1001 to 5000 employees
50,1990,182,100.00,500.00,1001 to 5000 employees
1749,1990,182,100.00,500.00,1001 to 5000 employees
52,1969,269,50.00,100.00,201 to 500 employees
189,1969,269,50.00,100.00,201 to 500 employees
54,1951,0,500.00,1000.00,1001 to 5000 employees
56,2000,0,25.00,50.00,51 to 200 employees
57,1998,270,500.00,1000.00,1001 to 5000 employees
1550,1998,270,500.00,1000.00,1001 to 5000 employees
58,1966,271,1.00,2000.00,10000+ employees
251,1966,271,1.00,2000.00,10000+ employees
495,1966,271,1.00,2000.00,10000+ employees
657,1966,271,1.00,2000.00,10000+ employees
862,1966,271,1.00,2000.00,10000+ employees
945,1966,271,1.00,2000.00,10000+ employees
1004,1966,271,1.00,2000.00,10000+ employees
1101,1966,271,1.00,2000.00,10000+ employees
1177,1966,271,1.00,2000.00,10000+ employees
1478,1966,271,1.00,2000.00,10000+ employees
1650,1966,271,1.00,2000.00,10000+ employees
1792,1966,271,1.00,2000.00,10000+ employees
59,2005,272,2.00,5000.00,1001 to 5000 employees
61,1939,0,500.00,1000.00,1001 to 5000 employees
63,2002,273,100.00,500.00,501 to 1000 employees
624,2002,273,100.00,500.00,501 to 1000 employees
802,2002,273,100.00,500.00,501 to 1000 employees
840,2002,273,100.00,500.00,501 to 1000 employees
966,2002,273,100.00,500.00,501 to 1000 employees
987,2002,273,100.00,500.00,501 to 1000 employees
1188,2002,273,100.00,500.00,501 to 1000 employees
1229,2002,273,100.00,500.00,501 to 1000 employees
1338,2002,273,100.00,500.00,501 to 1000 employees
1423,2002,273,100.00,500.00,501 to 1000 employees
1495,2002,273,100.00,500.00,501 to 1000 employees
1591,2002,273,100.00,500.00,501 to 1000 employees
64,1999,12,50.00,100.00,51 to 200 employees
782,1999,12,50.00,100.00,51 to 200 employees
1006,1999,12,50.00,100.00,51 to 200 employees
1165,1999,12,50.00,100.00,51 to 200 employees
1313,1999,12,50.00,100.00,51 to 200 employees
1503,1999,12,50.00,100.00,51 to 200 employees
1738,1999,12,50.00,100.00,51 to 200 employees
1741,1999,12,50.00,100.00,51 to 200 employees
70,1985,0,5.00,10000.00,10000+ employees
76,1984,0,100.00,500.00,501 to 1000 employees
200,1984,0,100.00,500.00,501 to 1000 employees
1128,1984,0,100.00,500.00,501 to 1000 employees
80,2011,278,10.00,25.00,51 to 200 employees
82,2007,262,500.00,1000.00,1001 to 5000 employees
84,1962,0,2.00,5000.00,1001 to 5000 employees
85,1996,279,500.00,1000.00,1001 to 5000 employees
1506,1996,279,500.00,1000.00,1001 to 5000 employees
1593,1996,279,500.00,1000.00,1001 to 5000 employees
86,2011,164,10.00,25.00,201 to 500 employees
87,1995,280,2.00,5000.00,1001 to 5000 employees
889,1995,280,2.00,5000.00,1001 to 5000 employees
1122,1995,280,2.00,5000.00,1001 to 5000 employees
1197,1995,280,2.00,5000.00,1001 to 5000 employees
1283,1995,280,2.00,5000.00,1001 to 5000 employees
1502,1995,280,2.00,5000.00,1001 to 5000 employees
1656,1995,280,2.00,5000.00,1001 to 5000 employees
1779,1995,280,2.00,5000.00,1001 to 5000 employees
94,2011,282,10.00,25.00,201 to 500 employees
95,1967,202,1.00,2000.00,1001 to 5000 employees
100,2004,284,50.00,100.00,501 to 1000 employees
300,2004,284,50.00,100.00,501 to 1000 employees
104,1918,0,100.00,500.00,501 to 1000 employees
105,1948,179,2.00,5000.00,10000+ employees
285,1948,179,2.00,5000.00,10000+ employees
363,1948,179,2.00,5000.00,10000+ employees
427,1948,179,2.00,5000.00,10000+ employees
477,1948,179,2.00,5000.00,10000+ employees
693,1948,179,2.00,5000.00,10000+ employees
756,1948,179,2.00,5000.00,10000+ employees
794,1948,179,2.00,5000.00,10000+ employees
900,1948,179,2.00,5000.00,10000+ employees
1275,1948,179,2.00,5000.00,10000+ employees
1363,1948,179,2.00,5000.00,10000+ employees
1411,1948,179,2.00,5000.00,10000+ employees
1488,1948,179,2.00,5000.00,10000+ employees
106,1994,0,25.00,50.00,51 to 200 employees
109,1895,13,100.00,500.00,1001 to 5000 employees
110,2004,6,5.00,10.00,501 to 1000 employees
115,1968,0,1.00,5.00,1 to 50 employees
117,2008,93,50.00,100.00,51 to 200 employees
370,2008,93,50.00,100.00,51 to 200 employees
399,2008,93,50.00,100.00,51 to 200 employees
409,2008,93,50.00,100.00,51 to 200 employees
615,2008,93,50.00,100.00,51 to 200 employees
745,2008,93,50.00,100.00,51 to 200 employees
884,2008,93,50.00,100.00,51 to 200 employees
976,2008,93,50.00,100.00,51 to 200 employees
998,2008,93,50.00,100.00,51 to 200 employees
1032,2008,93,50.00,100.00,51 to 200 employees
1094,2008,93,50.00,100.00,51 to 200 employees
1247,2008,93,50.00,100.00,51 to 200 employees
1359,2008,93,50.00,100.00,51 to 200 employees
1414,2008,93,50.00,100.00,51 to 200 employees
1452,2008,93,50.00,100.00,51 to 200 employees
1489,2008,93,50.00,100.00,51 to 200 employees
1608,2008,93,50.00,100.00,51 to 200 employees
1702,2008,93,50.00,100.00,51 to 200 employees
1727,2008,93,50.00,100.00,51 to 200 employees
1754,2008,93,50.00,100.00,51 to 200 employees
1774,2008,93,50.00,100.00,51 to 200 employees
120,1995,255,25.00,50.00,201 to 500 employees
123,2009,0,25.00,50.00,201 to 500 employees
127,1934,255,2.00,5000.00,10000+ employees
128,1998,0,10.00,25.00,1001 to 5000 employees
130,1990,290,100.00,500.00,1001 to 5000 employees
133,1938,0,2.00,5000.00,10000+ employees
134,2008,293,10.00,25.00,201 to 500 employees
1134,2008,293,10.00,25.00,201 to 500 employees
136,1963,0,100.00,500.00,10000+ employees
137,1996,295,1.00,5.00,1 to 50 employees
1415,1996,295,1.00,5.00,1 to 50 employees
1525,1996,295,1.00,5.00,1 to 50 employees
1562,1996,295,1.00,5.00,1 to 50 employees
141,2013,0,1.00,2000.00,10000+ employees
143,1992,201,10.00,25.00,51 to 200 employees
145,1977,0,10.00,25.00,51 to 200 employees
152,1984,262,100.00,500.00,501 to 1000 employees
153,1886,3,25.00,50.00,201 to 500 employees
157,1999,300,50.00,100.00,501 to 1000 employees
158,2008,11,50.00,100.00,201 to 500 employees
164,1997,301,25.00,50.00,1001 to 5000 employees
711,1997,301,25.00,50.00,1001 to 5000 employees
1026,1997,301,25.00,50.00,1001 to 5000 employees
1392,1997,301,25.00,50.00,1001 to 5000 employees
1810,1997,301,25.00,50.00,1001 to 5000 employees
166,1981,302,50.00,100.00,51 to 200 employees
1413,1981,302,50.00,100.00,51 to 200 employees
1599,1981,302,50.00,100.00,51 to 200 employees
168,1969,269,50.00,100.00,201 to 500 employees
170,1993,0,1.00,2000.00,1001 to 5000 employees
183,1989,3,10.00,25.00,201 to 500 employees
208,1989,3,10.00,25.00,201 to 500 employees
186,1966,13,100.00,500.00,1001 to 5000 employees
192,1999,0,25.00,50.00,501 to 1000 employees
194,1981,0,5.00,10.00,1 to 50 employees
1814,1981,0,5.00,10.00,1 to 50 employees
196,1859,308,2.00,5000.00,10000+ employees
197,1996,309,10.00,25.00,201 to 500 employees
1395,1996,309,10.00,25.00,201 to 500 employees
201,1985,0,25.00,50.00,201 to 500 employees
203,2008,310,100.00,500.00,1001 to 5000 employees
205,1946,311,500.00,1000.00,1001 to 5000 employees
207,1984,312,50.00,100.00,201 to 500 employees
209,1818,0,2.00,5000.00,1001 to 5000 employees
223,1996,315,25.00,50.00,201 to 500 employees
984,1996,315,25.00,50.00,201 to 500 employees
1763,1996,315,25.00,50.00,201 to 500 employees
225,2008,316,50.00,100.00,501 to 1000 employees
305,2008,316,50.00,100.00,501 to 1000 employees
329,2008,316,50.00,100.00,501 to 1000 employees
676,2008,316,50.00,100.00,501 to 1000 employees
869,2008,316,50.00,100.00,501 to 1000 employees
1462,2008,316,50.00,100.00,501 to 1000 employees
228,2012,319,5.00,10.00,51 to 200 employees
229,1896,0,1.00,2000.00,1001 to 5000 employees
232,2000,321,100.00,500.00,1001 to 5000 employees
783,2000,321,100.00,500.00,1001 to 5000 employees
237,1998,255,1.00,2000.00,1001 to 5000 employees
239,1985,0,25.00,50.00,201 to 500 employees
242,2002,174,50.00,100.00,201 to 500 employees
243,1998,322,500.00,1000.00,10000+ employees
244,1856,323,5.00,10000.00,10000+ employees
248,1989,122,100.00,500.00,501 to 1000 employees
249,2008,0,50.00,100.00,51 to 200 employees
250,1989,326,100.00,500.00,501 to 1000 employees
252,1978,255,2.00,5000.00,5001 to 10000 employees
257,1912,327,50.00,100.00,1001 to 5000 employees
258,2001,32,5.00,10.00,51 to 200 employees
259,1998,255,2.00,5000.00,10000+ employees
261,1996,95,25.00,50.00,51 to 200 employees
627,1996,95,25.00,50.00,51 to 200 employees
266,1985,329,10.00,25.00,201 to 500 employees
267,1957,0,100.00,500.00,5001 to 10000 employees
269,2003,331,10.00,25.00,201 to 500 employees
270,1997,0,2.00,5000.00,10000+ employees
274,1937,0,5.00,10000.00,1001 to 5000 employees
276,1964,0,25.00,50.00,51 to 200 employees
281,2000,275,5.00,10000.00,1001 to 5000 employees
282,2008,174,1.00,5.00,201 to 500 employees
283,2011,0,50.00,100.00,201 to 500 employees
286,1977,0,100.00,500.00,501 to 1000 employees
319,1977,0,100.00,500.00,501 to 1000 employees
287,1967,22,5.00,10000.00,10000+ employees
288,2018,12,1.00,5.00,51 to 200 employees
292,1990,258,5.00,10000.00,10000+ employees
294,1978,255,2.00,5000.00,1001 to 5000 employees
302,1982,334,10.00,25.00,1001 to 5000 employees
304,1985,0,2.00,5000.00,1001 to 5000 employees
313,1999,279,100.00,500.00,201 to 500 employees
1265,1999,279,100.00,500.00,201 to 500 employees
1443,1999,279,100.00,500.00,201 to 500 employees
316,1982,23,1.00,2000.00,10000+ employees
323,1993,341,10.00,25.00,51 to 200 employees
326,1962,33,1.00,2000.00,1001 to 5000 employees
335,1850,,2.00,5000.00,10000+ employees
336,1983,162,100.00,500.00,501 to 1000 employees
342,2001,174,25.00,50.00,51 to 200 employees
502,2001,174,25.00,50.00,51 to 200 employees
1647,2001,174,25.00,50.00,51 to 200 employees
1719,2001,174,25.00,50.00,51 to 200 employees
345,2000,345,25.00,50.00,501 to 1000 employees
349,1995,344,5.00,10.00,51 to 200 employees
350,1947,255,100.00,500.00,1001 to 5000 employees
352,1996,232,1.00,2000.00,5001 to 10000 employees
353,2001,347,100.00,500.00,501 to 1000 employees
354,1994,348,10.00,25.00,51 to 200 employees
1187,1994,348,10.00,25.00,51 to 200 employees
1802,1994,348,10.00,25.00,51 to 200 employees
1828,1994,348,10.00,25.00,51 to 200 employees
358,2011,,50.00,100.00,1001 to 5000 employees
361,2006,174,25.00,50.00,201 to 500 employees
1212,2006,174,25.00,50.00,201 to 500 employees
365,1968,86,50.00,100.00,1001 to 5000 employees
366,1984,351,50.00,100.00,201 to 500 employees
367,1868,45,100.00,500.00,1001 to 5000 employees
368,1992,352,25.00,50.00,201 to 500 employees
369,1996,45,50.00,100.00,51 to 200 employees
371,2000,353,10.00,25.00,201 to 500 employees
377,1914,354,5.00,10000.00,10000+ employees
1391,1914,354,5.00,10000.00,10000+ employees
379,1998,156,100.00,500.00,501 to 1000 employees
380,1997,290,100.00,500.00,1001 to 5000 employees
384,2014,358,5.00,10.00,51 to 200 employees
385,1997,290,100.00,500.00,1001 to 5000 employees
386,2002,354,10.00,25.00,51 to 200 employees
388,1962,45,10.00,25.00,201 to 500 employees
1169,1962,45,10.00,25.00,201 to 500 employees
389,1992,48,10.00,25.00,201 to 500 employees
392,2002,278,10.00,25.00,51 to 200 employees
394,1962,359,2.00,5000.00,10000+ employees
1021,1962,359,2.00,5000.00,10000+ employees
396,2001,116,100.00,500.00,1001 to 5000 employees
397,2000,329,25.00,50.00,201 to 500 employees
398,2000,329,25.00,50.00,201 to 500 employees
400,1853,55,1.00,2000.00,10000+ employees
401,1996,55,500.00,1000.00,501 to 1000 employees
402,1984,194,500.00,1000.00,1001 to 5000 employees
403,1984,194,500.00,1000.00,1001 to 5000 employees
404,1996,57,100.00,500.00,1001 to 5000 employees
406,1996,360,500.00,1000.00,1001 to 5000 employees
407,2014,0,1.00,5.00,1 to 50 employees
411,2018,263,1.00,5.00,51 to 200 employees
413,1996,,50.00,100.00,201 to 500 employees
415,1996,212,10.00,25.00,201 to 500 employees
1598,1996,212,10.00,25.00,201 to 500 employees
416,1997,0,25.00,50.00,201 to 500 employees
1662,1997,0,25.00,50.00,201 to 500 employees
421,2000,282,100.00,500.00,1001 to 5000 employees
1216,2000,282,100.00,500.00,1001 to 5000 employees
1583,2000,282,100.00,500.00,1001 to 5000 employees
425,1902,59,2.00,5000.00,10000+ employees
460,1902,59,2.00,5000.00,10000+ employees
435,1888,207,2.00,5000.00,1001 to 5000 employees
436,2002,145,10.00,25.00,51 to 200 employees
437,2000,57,5.00,10.00,51 to 200 employees
438,2017,59,5.00,10.00,51 to 200 employees
442,2007,58,1.00,2000.00,1001 to 5000 employees
444,1880,59,2.00,5000.00,10000+ employees
445,1973,364,50.00,100.00,501 to 1000 employees
1074,1973,364,50.00,100.00,501 to 1000 employees
450,1982,175,2.00,5000.00,5001 to 10000 employees
451,1931,59,1.00,2000.00,5001 to 10000 employees
453,1987,59,1.00,2000.00,1001 to 5000 employees
454,1938,67,2.00,5000.00,201 to 500 employees
457,1978,366,2.00,5000.00,10000+ employees
468,2001,156,25.00,50.00,51 to 200 employees
472,1997,183,5.00,10000.00,1001 to 5000 employees
1231,1997,183,5.00,10000.00,1001 to 5000 employees
474,1971,370,25.00,50.00,501 to 1000 employees
475,2009,59,10.00,25.00,51 to 200 employees
476,1998,57,1.00,2000.00,1001 to 5000 employees
482,1979,58,5.00,10000.00,10000+ employees
487,1973,373,50.00,100.00,501 to 1000 employees
493,1998,57,1.00,2000.00,1001 to 5000 employees
499,2006,109,100.00,500.00,201 to 500 employees
551,2006,109,100.00,500.00,201 to 500 employees
501,1980,59,2.00,5000.00,5001 to 10000 employees
506,1961,59,2.00,5000.00,1001 to 5000 employees
509,1994,194,100.00,500.00,1001 to 5000 employees
511,1996,57,25.00,50.00,201 to 500 employees
513,1998,376,25.00,50.00,201 to 500 employees
516,2005,279,10.00,25.00,51 to 200 employees
521,1994,76,10.00,25.00,1 to 50 employees
531,1995,69,100.00,500.00,1001 to 5000 employees
532,2002,59,10.00,25.00,1 to 50 employees
538,1935,381,100.00,500.00,201 to 500 employees
540,1979,71,10.00,25.00,51 to 200 employees
541,2001,59,5.00,10.00,51 to 200 employees
545,1982,132,5.00,10000.00,10000+ employees
546,1990,0,1.00,2000.00,1001 to 5000 employees
550,2003,59,50.00,100.00,1001 to 5000 employees
552,1977,73,2.00,5000.00,501 to 1000 employees
556,1926,81,50.00,100.00,501 to 1000 employees
563,1964,64,1.00,2000.00,1001 to 5000 employees
599,1964,64,1.00,2000.00,1001 to 5000 employees
1545,1964,64,1.00,2000.00,1001 to 5000 employees
567,1991,90,10.00,25.00,51 to 200 employees
568,1855,236,100.00,500.00,10000+ employees
572,1959,88,1.00,2000.00,5001 to 10000 employees
578,1991,388,500.00,1000.00,1001 to 5000 employees
580,2007,389,100.00,500.00,201 to 500 employees
581,1999,377,100.00,500.00,501 to 1000 employees
583,1946,282,5.00,10000.00,5001 to 10000 employees
584,1946,282,5.00,10000.00,5001 to 10000 employees
1048,1946,282,5.00,10000.00,5001 to 10000 employees
1208,1946,282,5.00,10000.00,5001 to 10000 employees
587,1986,90,1.00,2000.00,5001 to 10000 employees
588,2011,390,100.00,500.00,201 to 500 employees
589,1890,90,2.00,5000.00,10000+ employees
590,2000,0,100.00,500.00,51 to 200 employees
722,2000,0,100.00,500.00,51 to 200 employees
817,2000,0,100.00,500.00,51 to 200 employees
880,2000,0,100.00,500.00,51 to 200 employees
882,2000,0,100.00,500.00,51 to 200 employees
894,2000,0,100.00,500.00,51 to 200 employees
917,2000,0,100.00,500.00,51 to 200 employees
1077,2000,0,100.00,500.00,51 to 200 employees
1553,2000,0,100.00,500.00,51 to 200 employees
1767,2000,0,100.00,500.00,51 to 200 employees
592,2010,90,50.00,100.00,201 to 500 employees
1706,2010,90,50.00,100.00,201 to 500 employees
594,1999,262,1.00,2000.00,51 to 200 employees
595,1979,90,2.00,5000.00,51 to 200 employees
596,1994,100,10.00,25.00,51 to 200 employees
597,1997,392,25.00,50.00,201 to 500 employees
598,1882,90,2.00,5000.00,10000+ employees
600,1971,393,500.00,1000.00,1001 to 5000 employees
604,1947,232,1.00,2000.00,1001 to 5000 employees
606,1999,394,1.00,2000.00,10000+ employees
610,2012,90,500.00,1000.00,1001 to 5000 employees
611,1983,395,2.00,5000.00,1001 to 5000 employees
1492,1983,395,2.00,5000.00,1001 to 5000 employees
613,1944,396,2.00,5000.00,5001 to 10000 employees
614,2017,397,5.00,10.00,1 to 50 employees
616,2013,207,500.00,1000.00,1001 to 5000 employees
1649,2013,207,500.00,1000.00,1001 to 5000 employees
630,2014,90,50.00,100.00,51 to 200 employees
633,1837,90,1.00,2000.00,5001 to 10000 employees
634,1998,403,100.00,500.00,1001 to 5000 employees
764,1998,403,100.00,500.00,1001 to 5000 employees
916,1998,403,100.00,500.00,1001 to 5000 employees
1823,1998,403,100.00,500.00,1001 to 5000 employees
635,1935,90,100.00,500.00,501 to 1000 employees
641,2001,90,50.00,100.00,501 to 1000 employees
646,1966,126,1.00,2000.00,1001 to 5000 employees
647,2004,90,100.00,500.00,1001 to 5000 employees
648,1959,97,500.00,1000.00,1001 to 5000 employees
650,1996,201,100.00,500.00,501 to 1000 employees
652,1988,0,1.00,2000.00,5001 to 10000 employees
654,1997,90,100.00,500.00,1001 to 5000 employees
655,1982,100,25.00,50.00,51 to 200 employees
658,1906,90,25.00,50.00,501 to 1000 employees
662,2001,258,2.00,5000.00,5001 to 10000 employees
663,1998,270,50.00,100.00,1001 to 5000 employees
665,2005,103,5.00,10000.00,10000+ employees
666,2003,255,10.00,25.00,51 to 200 employees
667,2007,301,100.00,500.00,1001 to 5000 employees
1186,2007,301,100.00,500.00,1001 to 5000 employees
1611,2007,301,100.00,500.00,1001 to 5000 employees
669,1961,90,50.00,100.00,201 to 500 employees
672,1889,90,2.00,5000.00,10000+ employees
674,2001,90,25.00,50.00,201 to 500 employees
675,2005,94,50.00,100.00,201 to 500 employees
680,1898,90,1.00,2000.00,1001 to 5000 employees
681,2004,334,50.00,100.00,51 to 200 employees
685,1999,408,25.00,50.00,201 to 500 employees
686,1976,409,10.00,25.00,10000+ employees
687,1928,90,5.00,10000.00,10000+ employees
690,1913,106,2.00,5000.00,5001 to 10000 employees
694,2018,279,25.00,50.00,51 to 200 employees
780,2018,279,25.00,50.00,51 to 200 employees
695,1995,255,50.00,100.00,51 to 200 employees
696,2012,411,1.00,5.00,1 to 50 employees
699,1916,107,1.00,5.00,201 to 500 employees
705,1857,90,50.00,100.00,201 to 500 employees
709,1988,99,5.00,10.00,1 to 50 employees
712,1988,99,5.00,10.00,1 to 50 employees
716,1984,109,1.00,2000.00,201 to 500 employees
717,2005,109,10.00,25.00,201 to 500 employees
720,1994,109,2.00,5000.00,1001 to 5000 employees
724,1966,109,100.00,500.00,5001 to 10000 employees
727,1962,414,50.00,100.00,501 to 1000 employees
729,1955,109,100.00,500.00,51 to 200 employees
731,1949,111,100.00,500.00,1001 to 5000 employees
732,2012,110,1.00,5.00,1 to 50 employees
735,1966,109,100.00,500.00,51 to 200 employees
741,2004,,100.00,500.00,201 to 500 employees
743,2010,419,1.00,5.00,201 to 500 employees
747,1999,109,50.00,100.00,201 to 500 employees
749,2005,275,25.00,50.00,51 to 200 employees
752,1999,329,1.00,2000.00,5001 to 10000 employees
753,1970,112,100.00,500.00,10000+ employees
762,2009,344,50.00,100.00,201 to 500 employees
1333,2009,344,50.00,100.00,201 to 500 employees
766,1949,111,100.00,500.00,1001 to 5000 employees
767,1966,109,100.00,500.00,5001 to 10000 employees
772,1998,351,100.00,500.00,501 to 1000 employees
773,2004,109,10.00,25.00,51 to 200 employees
775,1998,109,100.00,500.00,1001 to 5000 employees
776,1972,109,1.00,2000.00,5001 to 10000 employees
779,2007,300,10.00,25.00,51 to 200 employees
781,1996,109,1.00,5.00,51 to 200 employees
785,2011,109,1.00,5.00,1 to 50 employees
786,1955,426,100.00,500.00,501 to 1000 employees
787,1980,109,50.00,100.00,501 to 1000 employees
789,2010,116,25.00,50.00,201 to 500 employees
790,1939,116,50.00,100.00,1001 to 5000 employees
791,1975,116,100.00,500.00,501 to 1000 employees
792,1970,134,100.00,500.00,1001 to 5000 employees
853,1970,134,100.00,500.00,1001 to 5000 employees
888,1970,134,100.00,500.00,1001 to 5000 employees
1088,1970,134,100.00,500.00,1001 to 5000 employees
1831,1970,134,100.00,500.00,1001 to 5000 employees
793,1960,117,2.00,5000.00,10000+ employees
795,2005,122,10.00,25.00,51 to 200 employees
796,1986,427,1.00,2000.00,5001 to 10000 employees
797,2019,117,100.00,500.00,201 to 500 employees
800,1994,298,500.00,1000.00,5001 to 10000 employees
803,2002,116,1.00,5.00,1 to 50 employees
805,1999,116,5.00,10000.00,10000+ employees
806,1973,207,5.00,10000.00,10000+ employees
809,1948,429,100.00,500.00,1001 to 5000 employees
810,1985,430,500.00,1000.00,1001 to 5000 employees
1446,1985,430,500.00,1000.00,1001 to 5000 employees
815,1885,115,1.00,2000.00,5001 to 10000 employees
816,2004,431,100.00,500.00,1001 to 5000 employees
818,2002,119,50.00,100.00,501 to 1000 employees
1211,2002,119,50.00,100.00,501 to 1000 employees
819,1951,115,2.00,5000.00,10000+ employees
820,1922,116,2.00,5000.00,1001 to 5000 employees
822,2004,432,1.00,5.00,51 to 200 employees
1236,2004,432,1.00,5.00,51 to 200 employees
1339,2004,432,1.00,5.00,51 to 200 employees
1777,2004,432,1.00,5.00,51 to 200 employees
1806,2004,432,1.00,5.00,51 to 200 employees
823,1957,433,5.00,10000.00,10000+ employees
829,2018,116,10.00,25.00,201 to 500 employees
831,2004,201,10.00,25.00,201 to 500 employees
834,2001,235,50.00,100.00,201 to 500 employees
839,1980,282,1.00,2000.00,10000+ employees
843,1986,439,100.00,500.00,1001 to 5000 employees
850,1997,441,100.00,500.00,1001 to 5000 employees
1485,1997,441,100.00,500.00,1001 to 5000 employees
854,1889,442,5.00,10000.00,10000+ employees
1104,1889,442,5.00,10000.00,10000+ employees
858,1954,444,1.00,2000.00,10000+ employees
860,2007,115,25.00,50.00,51 to 200 employees
863,2000,156,25.00,50.00,201 to 500 employees
865,2000,162,25.00,50.00,201 to 500 employees
866,1996,445,1.00,5.00,51 to 200 employees
871,1992,0,500.00,1000.00,1001 to 5000 employees
873,2008,122,50.00,100.00,201 to 500 employees
875,2003,124,100.00,500.00,1001 to 5000 employees
877,1994,447,500.00,1000.00,201 to 500 employees
879,2004,445,50.00,100.00,501 to 1000 employees
1331,2004,445,50.00,100.00,501 to 1000 employees
886,1966,67,2.00,5000.00,10000+ employees
890,1992,327,10.00,25.00,51 to 200 employees
893,1991,449,500.00,1000.00,10000+ employees
1238,1991,449,500.00,1000.00,10000+ employees
1479,1991,449,500.00,1000.00,10000+ employees
1520,1991,449,500.00,1000.00,10000+ employees
1769,1991,449,500.00,1000.00,10000+ employees
901,2005,126,10.00,25.00,201 to 500 employees
903,1983,126,5.00,10000.00,5001 to 10000 employees
907,1904,132,2.00,5000.00,10000+ employees
953,1904,132,2.00,5000.00,10000+ employees
914,1993,453,10.00,25.00,51 to 200 employees
920,1992,454,10.00,25.00,51 to 200 employees
924,2006,109,100.00,500.00,201 to 500 employees
926,1855,126,50.00,100.00,1001 to 5000 employees
928,2012,455,10.00,25.00,51 to 200 employees
930,2011,354,10.00,25.00,51 to 200 employees
931,2001,0,100.00,500.00,501 to 1000 employees
934,1995,456,10.00,25.00,51 to 200 employees
938,1996,457,50.00,100.00,201 to 500 employees
939,1990,143,1.00,2000.00,1001 to 5000 employees
963,1990,143,1.00,2000.00,1001 to 5000 employees
940,1992,261,50.00,100.00,501 to 1000 employees
941,1957,142,500.00,1000.00,1001 to 5000 employees
942,2005,124,10.00,25.00,1 to 50 employees
949,1994,143,100.00,500.00,1001 to 5000 employees
950,1970,134,100.00,500.00,1001 to 5000 employees
957,1970,134,100.00,500.00,1001 to 5000 employees
974,1970,134,100.00,500.00,1001 to 5000 employees
1408,1970,134,100.00,500.00,1001 to 5000 employees
952,1992,327,10.00,25.00,51 to 200 employees
954,1966,67,2.00,5000.00,10000+ employees
956,2009,156,100.00,500.00,501 to 1000 employees
958,1997,126,25.00,50.00,5001 to 10000 employees
962,1987,463,2.00,5000.00,10000+ employees
968,2004,464,50.00,100.00,1001 to 5000 employees
1041,2004,464,50.00,100.00,1001 to 5000 employees
1832,2004,464,50.00,100.00,1001 to 5000 employees
970,1995,345,10.00,25.00,1 to 50 employees
972,2002,467,1.00,5.00,1 to 50 employees
980,1974,126,100.00,500.00,1001 to 5000 employees
983,2010,464,50.00,100.00,501 to 1000 employees
1355,2010,464,50.00,100.00,501 to 1000 employees
1518,2010,464,50.00,100.00,501 to 1000 employees
1709,2010,464,50.00,100.00,501 to 1000 employees
986,1986,316,50.00,100.00,501 to 1000 employees
988,2011,51,5.00,10000.00,10000+ employees
991,1985,153,1.00,2000.00,201 to 500 employees
996,2001,445,100.00,500.00,1001 to 5000 employees
999,1999,357,50.00,100.00,501 to 1000 employees
1463,1999,357,50.00,100.00,501 to 1000 employees
1829,1999,357,50.00,100.00,501 to 1000 employees
1001,1991,380,5.00,10000.00,10000+ employees
1002,1995,377,50.00,100.00,201 to 500 employees
1005,1965,156,2.00,5000.00,10000+ employees
1007,1961,472,100.00,500.00,1001 to 5000 employees
1008,2003,295,50.00,100.00,201 to 500 employees
1012,1991,473,2.00,5000.00,1001 to 5000 employees
1013,2003,321,1.00,2000.00,5001 to 10000 employees
1016,1999,51,25.00,50.00,51 to 200 employees
1017,2001,164,10.00,25.00,1 to 50 employees
1020,1990,404,100.00,500.00,1001 to 5000 employees
1022,1953,156,1.00,2000.00,1001 to 5000 employees
1024,1990,436,100.00,500.00,501 to 1000 employees
1027,1868,210,5.00,10000.00,10000+ employees
1030,2003,476,50.00,100.00,201 to 500 employees
1033,1953,156,1.00,2000.00,5001 to 10000 employees
1035,2000,156,500.00,1000.00,1001 to 5000 employees
1038,2009,220,25.00,50.00,51 to 200 employees
1039,2006,156,50.00,100.00,1001 to 5000 employees
1040,1998,156,2.00,5000.00,5001 to 10000 employees
1045,1999,156,1.00,2000.00,1001 to 5000 employees
1047,1989,334,2.00,5000.00,1001 to 5000 employees
1050,2000,156,1.00,5.00,1 to 50 employees
1052,1983,181,2.00,5000.00,5001 to 10000 employees
1299,1983,181,2.00,5000.00,5001 to 10000 employees
1058,2010,0,10.00,25.00,51 to 200 employees
1271,2010,0,10.00,25.00,51 to 200 employees
1060,1989,156,10.00,25.00,1001 to 5000 employees
1062,1983,158,100.00,500.00,1001 to 5000 employees
1063,1962,73,2.00,5000.00,10000+ employees
1064,1990,315,25.00,50.00,501 to 1000 employees
1066,2002,394,10.00,25.00,51 to 200 employees
1070,2004,482,10.00,25.00,51 to 200 employees
1071,1988,115,5.00,10000.00,5001 to 10000 employees
1072,1976,400,500.00,1000.00,5001 to 10000 employees
1080,1957,162,100.00,500.00,501 to 1000 employees
1083,1995,163,100.00,500.00,1001 to 5000 employees
1430,1995,163,100.00,500.00,1001 to 5000 employees
1091,1998,487,100.00,500.00,1001 to 5000 employees
1092,1998,162,1.00,2000.00,1001 to 5000 employees
1097,2005,488,100.00,500.00,1001 to 5000 employees
1484,2005,488,100.00,500.00,1001 to 5000 employees
1098,1867,162,1.00,2000.00,10000+ employees
1102,1999,162,5.00,10.00,1 to 50 employees
1103,1867,162,1.00,2000.00,10000+ employees
1107,2010,489,10.00,25.00,51 to 200 employees
1109,1971,165,2.00,5000.00,1001 to 5000 employees
1110,1933,162,5.00,10000.00,10000+ employees
1113,1914,308,5.00,10000.00,1001 to 5000 employees
1116,1906,162,2.00,5000.00,1001 to 5000 employees
1118,1966,161,10.00,25.00,201 to 500 employees
1123,1998,163,500.00,1000.00,5001 to 10000 employees
1124,1963,167,2.00,5000.00,5001 to 10000 employees
1127,1999,164,5.00,10.00,51 to 200 employees
1133,1995,491,100.00,500.00,201 to 500 employees
1136,1947,164,500.00,1000.00,5001 to 10000 employees
1138,1998,162,25.00,50.00,51 to 200 employees
1436,1998,162,25.00,50.00,51 to 200 employees
1142,2005,344,25.00,50.00,201 to 500 employees
1773,2005,344,25.00,50.00,201 to 500 employees
1143,1874,385,2.00,5000.00,10000+ employees
1144,1996,162,100.00,500.00,5001 to 10000 employees
1146,2012,495,1.00,5.00,1 to 50 employees
1148,1967,261,500.00,1000.00,1001 to 5000 employees
1154,1967,161,100.00,500.00,1001 to 5000 employees
1157,1991,380,5.00,10000.00,10000+ employees
1158,1995,497,2.00,5000.00,10000+ employees
1160,1967,261,500.00,1000.00,1001 to 5000 employees
1161,2013,162,50.00,100.00,201 to 500 employees
1167,1991,419,50.00,100.00,1001 to 5000 employees
1175,2008,112,50.00,100.00,1 to 50 employees
1176,1978,162,1.00,2000.00,5001 to 10000 employees
1185,1938,500,2.00,5000.00,10000+ employees
1192,2006,275,2.00,5000.00,1001 to 5000 employees
1193,1995,502,5.00,10000.00,10000+ employees
1194,1923,503,2.00,5000.00,10000+ employees
1195,2001,164,10.00,25.00,1 to 50 employees
1198,2013,164,1.00,5.00,1 to 50 employees
1241,2013,164,1.00,5.00,1 to 50 employees
1202,2010,189,25.00,50.00,51 to 200 employees
1203,1993,174,5.00,10000.00,10000+ employees
1375,1993,174,5.00,10000.00,10000+ employees
1204,1989,173,100.00,500.00,1001 to 5000 employees
1205,2012,182,10.00,25.00,51 to 200 employees
1206,1997,279,100.00,500.00,1001 to 5000 employees
1207,1990,174,100.00,500.00,51 to 200 employees
1209,2003,180,2.00,5000.00,10000+ employees
1221,2002,505,50.00,100.00,501 to 1000 employees
1268,2002,505,50.00,100.00,501 to 1000 employees
1667,2002,505,50.00,100.00,501 to 1000 employees
1224,2011,207,5.00,10.00,51 to 200 employees
1226,1997,183,5.00,10000.00,1001 to 5000 employees
1228,2000,282,100.00,500.00,1001 to 5000 employees
1234,1977,164,100.00,500.00,5001 to 10000 employees
1235,1988,178,100.00,500.00,501 to 1000 employees
1237,1994,194,10.00,25.00,501 to 1000 employees
1240,2006,90,25.00,50.00,51 to 200 employees
1243,2011,175,100.00,500.00,201 to 500 employees
1244,1992,506,500.00,1000.00,5001 to 10000 employees
1481,1992,506,500.00,1000.00,5001 to 10000 employees
1582,1992,506,500.00,1000.00,5001 to 10000 employees
1246,1998,321,25.00,50.00,201 to 500 employees
1254,1995,496,100.00,500.00,1001 to 5000 employees
1257,1807,29,1.00,2000.00,5001 to 10000 employees
1258,1988,178,1.00,2000.00,5001 to 10000 employees
1270,2000,315,100.00,500.00,1001 to 5000 employees
1273,1997,177,100.00,500.00,1001 to 5000 employees
1276,1996,338,100.00,500.00,1001 to 5000 employees
1279,2006,174,10.00,25.00,51 to 200 employees
1292,2011,164,10.00,25.00,201 to 500 employees
1528,2011,164,10.00,25.00,201 to 500 employees
1293,1960,261,10.00,25.00,51 to 200 employees
1294,2011,181,25.00,50.00,51 to 200 employees
1296,2003,207,1.00,2000.00,1001 to 5000 employees
1298,2002,511,500.00,1000.00,501 to 1000 employees
1300,1957,180,2.00,5000.00,10000+ employees
1301,1996,182,500.00,1000.00,1001 to 5000 employees
1305,2014,188,50.00,100.00,501 to 1000 employees
1307,1996,345,10.00,25.00,51 to 200 employees
1309,1997,174,100.00,500.00,1001 to 5000 employees
1310,2009,180,1.00,5.00,1 to 50 employees
1314,2010,156,5.00,10.00,51 to 200 employees
1317,2000,182,2.00,5000.00,10000+ employees
1319,2003,159,25.00,50.00,201 to 500 employees
1322,2000,282,100.00,500.00,1001 to 5000 employees
1325,1988,178,1.00,2000.00,5001 to 10000 employees
1327,2001,514,1.00,5.00,1 to 50 employees
1329,2000,181,5.00,10.00,1 to 50 employees
1337,2006,180,50.00,100.00,501 to 1000 employees
1342,2017,190,25.00,50.00,1 to 50 employees
1343,1996,515,25.00,50.00,51 to 200 employees
1350,2007,207,500.00,1000.00,1001 to 5000 employees
1352,2010,0,10.00,25.00,51 to 200 employees
1345,1980,0,1.00,2000.00,5001 to 10000 employees
1356,1980,0,1.00,2000.00,5001 to 10000 employees
1357,1999,190,25.00,50.00,51 to 200 employees
1360,2012,286,10.00,25.00,51 to 200 employees
1364,2004,179,5.00,10000.00,10000+ employees
1369,2004,190,100.00,500.00,1001 to 5000 employees
1370,1938,517,25.00,50.00,201 to 500 employees
1380,2005,190,100.00,500.00,501 to 1000 employees
1381,2006,519,2.00,5000.00,10000+ employees
1385,1987,520,2.00,5000.00,10000+ employees
1386,1999,270,100.00,500.00,10000+ employees
1388,2006,521,50.00,100.00,201 to 500 employees
1389,1936,190,50.00,100.00,501 to 1000 employees
1390,1996,270,10.00,25.00,201 to 500 employees
1394,2006,357,50.00,100.00,501 to 1000 employees
1401,2007,190,5.00,10.00,1 to 50 employees
1410,1994,194,100.00,500.00,51 to 200 employees
1420,1990,90,2.00,5000.00,5001 to 10000 employees
1426,1991,527,50.00,100.00,51 to 200 employees
1428,1935,195,2.00,5000.00,5001 to 10000 employees
1429,1992,273,1.00,5.00,51 to 200 employees
1433,1992,195,5.00,10000.00,5001 to 10000 employees
1437,1999,271,50.00,100.00,201 to 500 employees
1442,1999,529,25.00,50.00,501 to 1000 employees
1445,1892,198,1.00,2000.00,10000+ employees
1447,1892,530,2.00,5000.00,10000+ employees
1457,2000,334,500.00,1000.00,501 to 1000 employees
1460,1997,201,50.00,100.00,201 to 500 employees
1464,2008,198,1.00,5.00,1 to 50 employees
1468,1892,198,1.00,2000.00,10000+ employees
1470,1994,334,50.00,100.00,201 to 500 employees
1477,2004,321,10.00,25.00,51 to 200 employees
1480,1983,395,2.00,5000.00,1001 to 5000 employees
1483,1980,535,50.00,100.00,201 to 500 employees
1486,1999,453,25.00,50.00,51 to 200 employees
1494,1997,315,10.00,25.00,51 to 200 employees
1728,1997,315,10.00,25.00,51 to 200 employees
1497,2002,511,500.00,1000.00,501 to 1000 employees
1499,2005,202,100.00,500.00,501 to 1000 employees
1500,1935,204,5.00,10000.00,1001 to 5000 employees
1509,1973,206,10.00,25.00,51 to 200 employees
1511,2016,159,50.00,100.00,501 to 1000 employees
1512,1983,33,50.00,100.00,501 to 1000 employees
1514,1698,255,50.00,100.00,1001 to 5000 employees
1527,2006,202,2.00,5000.00,1001 to 5000 employees
1530,2006,177,1.00,5.00,1 to 50 employees
1531,1998,32,25.00,50.00,201 to 500 employees
1533,1999,539,500.00,1000.00,51 to 200 employees
1535,2004,90,1.00,5.00,1 to 50 employees
1536,1975,329,100.00,500.00,1001 to 5000 employees
1537,1982,208,2.00,5000.00,5001 to 10000 employees
1759,1982,208,2.00,5000.00,5001 to 10000 employees
1538,2006,208,100.00,500.00,51 to 200 employees
1542,2008,209,5.00,10.00,51 to 200 employees
1544,2002,209,500.00,1000.00,1001 to 5000 employees
1546,2011,207,10.00,25.00,51 to 200 employees
1548,2014,207,10.00,25.00,1 to 50 employees
1560,2012,207,25.00,50.00,51 to 200 employees
1563,2014,207,1.00,5.00,51 to 200 employees
1567,2014,207,50.00,100.00,201 to 500 employees
1570,1924,207,50.00,100.00,201 to 500 employees
1572,1907,207,50.00,100.00,10000+ employees
1573,2009,213,5.00,10.00,51 to 200 employees
1587,2006,207,2.00,5000.00,1001 to 5000 employees
1588,1864,207,25.00,50.00,10000+ employees
1589,2001,542,50.00,100.00,201 to 500 employees
1595,2000,357,25.00,50.00,201 to 500 employees
1602,1999,213,100.00,500.00,501 to 1000 employees
1606,2007,214,1.00,5.00,1 to 50 employees
1609,2000,543,100.00,500.00,1001 to 5000 employees
1680,2000,543,100.00,500.00,1001 to 5000 employees
1691,2000,543,100.00,500.00,1001 to 5000 employees
1616,1996,221,10.00,25.00,51 to 200 employees
1617,1999,213,100.00,500.00,501 to 1000 employees
1619,2015,212,1.00,5.00,1 to 50 employees
1755,2015,212,1.00,5.00,1 to 50 employees
1620,2010,164,1.00,5.00,1 to 50 employees
1626,2010,32,50.00,100.00,201 to 500 employees
1627,2009,207,1.00,2000.00,1001 to 5000 employees
1630,1993,546,100.00,500.00,1001 to 5000 employees
1632,1993,0,1.00,2000.00,1001 to 5000 employees
1633,1996,221,10.00,25.00,51 to 200 employees
1639,2009,220,25.00,50.00,51 to 200 employees
1641,2006,548,25.00,50.00,201 to 500 employees
1643,1874,207,2.00,5000.00,10000+ employees
1646,2002,164,10.00,25.00,501 to 1000 employees
1651,1952,222,2.00,5000.00,5001 to 10000 employees
1657,2012,180,10.00,25.00,51 to 200 employees
1660,1682,211,500.00,1000.00,10000+ employees
1670,2011,186,5.00,10.00,51 to 200 employees
1671,1999,207,2.00,5000.00,201 to 500 employees
1673,2007,331,100.00,500.00,5001 to 10000 employees
1675,2001,216,10.00,25.00,1 to 50 employees
1677,1947,209,5.00,10000.00,5001 to 10000 employees
1678,1981,369,5.00,10000.00,10000+ employees
1679,2012,32,100.00,500.00,1001 to 5000 employees
1686,2000,543,100.00,500.00,1001 to 5000 employees
1692,2000,543,100.00,500.00,1001 to 5000 employees
1690,1980,224,2.00,5000.00,1001 to 5000 employees
1694,1998,331,1.00,5.00,1 to 50 employees
1695,2001,225,100.00,500.00,1001 to 5000 employees
1696,2014,127,2.00,5000.00,5001 to 10000 employees
1697,1998,390,10.00,25.00,51 to 200 employees
1698,2012,226,1.00,5.00,1 to 50 employees
1704,2001,271,50.00,100.00,1001 to 5000 employees
1707,1998,277,50.00,100.00,5001 to 10000 employees
1710,1951,226,100.00,500.00,1001 to 5000 employees
1711,1997,556,2.00,5000.00,1001 to 5000 employees
1712,1875,557,2.00,5000.00,10000+ employees
1714,1979,225,2.00,5000.00,1001 to 5000 employees
1715,1996,258,500.00,1000.00,5001 to 10000 employees
1720,1917,232,500.00,1000.00,1001 to 5000 employees
1723,2008,559,10.00,25.00,51 to 200 employees
1725,1996,202,500.00,1000.00,1001 to 5000 employees
1726,2000,234,10.00,25.00,1001 to 5000 employees
1730,1992,419,25.00,50.00,501 to 1000 employees
1731,1975,232,100.00,500.00,1001 to 5000 employees
1733,1945,419,5.00,10000.00,10000+ employees
1765,1945,419,5.00,10000.00,10000+ employees
1734,1998,173,50.00,100.00,201 to 500 employees
1737,2001,235,25.00,50.00,51 to 200 employees
1742,2016,375,100.00,500.00,1001 to 5000 employees
1743,1992,561,10.00,25.00,1 to 50 employees
1744,1990,235,25.00,50.00,51 to 200 employees
1746,2012,164,5.00,10.00,1 to 50 employees
1748,2006,304,10.00,25.00,201 to 500 employees
1751,1876,289,2.00,5000.00,10000+ employees
1752,2001,235,25.00,50.00,51 to 200 employees
1753,1785,238,2.00,5000.00,10000+ employees
1756,1997,109,100.00,500.00,501 to 1000 employees
1758,2001,241,100.00,500.00,201 to 500 employees
1761,2008,207,1.00,2000.00,1001 to 5000 employees
1762,2005,241,10.00,25.00,1 to 50 employees
1764,1997,331,10.00,25.00,51 to 200 employees
1766,1993,562,5.00,10.00,201 to 500 employees
1770,2013,243,1.00,5.00,51 to 200 employees
1771,1997,109,100.00,500.00,501 to 1000 employees
1778,2005,294,100.00,500.00,1001 to 5000 employees
1784,2000,173,25.00,50.00,501 to 1000 employees
1786,1973,207,5.00,10000.00,10000+ employees
1787,2007,249,25.00,50.00,51 to 200 employees
1789,2007,15,5.00,10000.00,10000+ employees
1790,2001,247,5.00,10.00,51 to 200 employees
1794,2002,348,500.00,1000.00,501 to 1000 employees
1795,1957,142,500.00,1000.00,1001 to 5000 employees
1798,2007,241,25.00,50.00,51 to 200 employees
1813,1989,90,10.00,25.00,51 to 200 employees
1821,2000,249,10.00,25.00,501 to 1000 employees
1822,2006,445,25.00,50.00,201 to 500 employees
1824,1937,109,100.00,500.00,501 to 1000 employees
1827,1972,569,50.00,100.00,501 to 1000 employees
1836,1984,570,25.00,50.00,201 to 500 employees
1837,1864,251,2.00,5000.00,10000+ employees
