0,1961,0,100,500,201 to 500 employees
1,1893,0,2,5000,10000+ employees
2,2003,0,-1,-1,1001 to 5000 employees
3,2002,253,50,100,201 to 500 employees
4,2009,0,100,500,501 to 1000 employees
5,2014,254,-1,-1,1001 to 5000 employees
6,2001,0,-1,-1,1001 to 5000 employees
7,1914,0,100,500,201 to 500 employees
8,1896,255,1,2000,5001 to 10000 employees
9,2013,0,-1,-1,501 to 1000 employees
10,1841,0,5,10000,10000+ employees
11,-1,256,-1,-1,1 to 50 employees
12,1884,13,2,5000,10000+ employees
13,2004,0,100,500,201 to 500 employees
14,2016,116,1,5,1001 to 5000 employees
15,-1,0,-1,-1,1 to 50 employees
16,2001,0,-1,-1,201 to 500 employees
585,2001,0,-1,-1,201 to 500 employees
17,1996,257,25,50,51 to 200 employees
18,1958,258,100,500,501 to 1000 employees
19,2006,0,-1,-1,51 to 200 employees
20,1998,181,10000,-1,10000+ employees
1320,1998,181,10000,-1,10000+ employees
21,-1,80,-1,-1,Unknown
22,1969,259,5,10000,10000+ employees
23,-1,260,1,5,201 to 500 employees
719,-1,260,1,5,201 to 500 employees
24,-1,198,-1,-1,1 to 50 employees
25,-1,207,1,-1,1 to 50 employees
26,2011,261,10,25,201 to 500 employees
27,2017,0,-1,-1,51 to 200 employees
28,-1,0,1,5,1 to 50 employees
29,-1,262,-1,-1,1 to 50 employees
30,2005,232,25,50,51 to 200 employees
31,-1,146,1,5,1 to 50 employees
32,-1,263,1,-1,1 to 50 employees
33,2011,207,-1,-1,1001 to 5000 employees
34,-1,256,-1,-1,
35,1904,202,10000,-1,10000+ employees
1532,1904,202,10000,-1,10000+ employees
36,2018,0,1,5,51 to 200 employees
37,-1,264,1,-1,1 to 50 employees
38,-1,265,10,25,51 to 200 employees
39,-1,0,-1,-1,1 to 50 employees
40,-1,266,-1,-1,1001 to 5000 employees
41,2016,58,-1,-1,51 to 200 employees
42,-1,267,1,5,1 to 50 employees
1180,-1,267,1,5,1 to 50 employees
1644,-1,267,1,5,1 to 50 employees
43,2013,0,-1,-1,201 to 500 employees
44,1956,268,500,1000,1001 to 5000 employees
1505,1956,268,500,1000,1001 to 5000 employees
45,2007,0,100,500,501 to 1000 employees
46,1990,0,-1,-1,1 to 50 employees
47,2002,178,500,1000,1001 to 5000 employees
48,1923,62,10000,-1,10000+ employees
49,1990,90,50,100,1001 to 5000 employees
50,1990,182,100,500,1001 to 5000 employees
1749,1990,182,100,500,1001 to 5000 employees
51,2015,0,-1,-1,51 to 200 employees
52,1969,269,50,100,201 to 500 employees
189,1969,269,50,100,201 to 500 employees
53,-1,256,-1,-1,
54,1951,0,500,1000,1001 to 5000 employees
55,1981,0,-1,-1,10000+ employees
56,2000,0,25,50,51 to 200 employees
57,1998,270,500,1000,1001 to 5000 employees
1550,1998,270,500,1000,1001 to 5000 employees
58,1966,271,1,2000,10000+ employees
251,1966,271,1,2000,10000+ employees
495,1966,271,1,2000,10000+ employees
657,1966,271,1,2000,10000+ employees
862,1966,271,1,2000,10000+ employees
945,1966,271,1,2000,10000+ employees
1004,1966,271,1,2000,10000+ employees
1101,1966,271,1,2000,10000+ employees
1177,1966,271,1,2000,10000+ employees
1478,1966,271,1,2000,10000+ employees
1650,1966,271,1,2000,10000+ employees
1792,1966,271,1,2000,10000+ employees
59,2005,272,2,5000,1001 to 5000 employees
60,-1,0,1,5,1 to 50 employees
61,1939,0,500,1000,1001 to 5000 employees
62,-1,256,-1,-1,
63,2002,273,100,500,501 to 1000 employees
624,2002,273,100,500,501 to 1000 employees
802,2002,273,100,500,501 to 1000 employees
840,2002,273,100,500,501 to 1000 employees
966,2002,273,100,500,501 to 1000 employees
987,2002,273,100,500,501 to 1000 employees
1188,2002,273,100,500,501 to 1000 employees
1229,2002,273,100,500,501 to 1000 employees
1338,2002,273,100,500,501 to 1000 employees
1423,2002,273,100,500,501 to 1000 employees
1495,2002,273,100,500,501 to 1000 employees
1591,2002,273,100,500,501 to 1000 employees
64,1999,12,50,100,51 to 200 employees
782,1999,12,50,100,51 to 200 employees
1006,1999,12,50,100,51 to 200 employees
1165,1999,12,50,100,51 to 200 employees
1313,1999,12,50,100,51 to 200 employees
1503,1999,12,50,100,51 to 200 employees
1738,1999,12,50,100,51 to 200 employees
1741,1999,12,50,100,51 to 200 employees
65,-1,0,-1,-1,1 to 50 employees
66,-1,274,-1,-1,201 to 500 employees
67,1812,0,10000,-1,10000+ employees
254,1812,0,10000,-1,10000+ employees
1117,1812,0,10000,-1,10000+ employees
68,-1,0,100,500,501 to 1000 employees
517,-1,0,100,500,501 to 1000 employees
69,1945,0,-1,-1,10000+ employees
70,1985,0,5,10000,10000+ employees
71,-1,275,-1,-1,1001 to 5000 employees
617,-1,275,-1,-1,1001 to 5000 employees
997,-1,275,-1,-1,1001 to 5000 employees
1222,-1,275,-1,-1,1001 to 5000 employees
1482,-1,275,-1,-1,1001 to 5000 employees
72,-1,,-1,-1,1 to 50 employees
73,-1,177,-1,-1,51 to 200 employees
74,-1,59,-1,-1,1 to 50 employees
75,2003,0,-1,-1,501 to 1000 employees
76,1984,0,100,500,501 to 1000 employees
200,1984,0,100,500,501 to 1000 employees
1128,1984,0,100,500,501 to 1000 employees
77,-1,276,1,-1,1 to 50 employees
321,-1,276,1,-1,1 to 50 employees
419,-1,276,1,-1,1 to 50 employees
565,-1,276,1,-1,1 to 50 employees
632,-1,276,1,-1,1 to 50 employees
713,-1,276,1,-1,1 to 50 employees
742,-1,276,1,-1,1 to 50 employees
1173,-1,276,1,-1,1 to 50 employees
1239,-1,276,1,-1,1 to 50 employees
1291,-1,276,1,-1,1 to 50 employees
1642,-1,276,1,-1,1 to 50 employees
78,-1,277,-1,-1,Unknown
79,-1,0,1,-1,1 to 50 employees
80,2011,278,10,25,51 to 200 employees
81,2004,0,-1,-1,1001 to 5000 employees
82,2007,262,500,1000,1001 to 5000 employees
83,-1,256,-1,-1,
84,1962,0,2,5000,1001 to 5000 employees
85,1996,279,500,1000,1001 to 5000 employees
1506,1996,279,500,1000,1001 to 5000 employees
1593,1996,279,500,1000,1001 to 5000 employees
86,2011,164,10,25,201 to 500 employees
87,1995,280,2,5000,1001 to 5000 employees
889,1995,280,2,5000,1001 to 5000 employees
1122,1995,280,2,5000,1001 to 5000 employees
1197,1995,280,2,5000,1001 to 5000 employees
1283,1995,280,2,5000,1001 to 5000 employees
1502,1995,280,2,5000,1001 to 5000 employees
1656,1995,280,2,5000,1001 to 5000 employees
1779,1995,280,2,5000,1001 to 5000 employees
88,-1,101,1,5,1 to 50 employees
89,-1,209,-1,-1,1 to 50 employees
90,-1,281,-1,-1,501 to 1000 employees
91,2017,3,-1,-1,201 to 500 employees
92,-1,0,10,25,1 to 50 employees
93,2012,0,-1,-1,1001 to 5000 employees
94,2011,282,10,25,201 to 500 employees
95,1967,202,1,2000,1001 to 5000 employees
96,1799,0,10000,-1,10000+ employees
256,1799,0,10000,-1,10000+ employees
1164,1799,0,10000,-1,10000+ employees
1448,1799,0,10000,-1,10000+ employees
97,-1,0,25,50,201 to 500 employees
98,-1,0,-1,-1,51 to 200 employees
99,-1,283,5,10,51 to 200 employees
100,2004,284,50,100,501 to 1000 employees
300,2004,284,50,100,501 to 1000 employees
101,-1,3,-1,-1,51 to 200 employees
102,-1,256,-1,-1,
103,-1,0,-1,-1,51 to 200 employees
104,1918,0,100,500,501 to 1000 employees
105,1948,179,2,5000,10000+ employees
285,1948,179,2,5000,10000+ employees
363,1948,179,2,5000,10000+ employees
427,1948,179,2,5000,10000+ employees
477,1948,179,2,5000,10000+ employees
693,1948,179,2,5000,10000+ employees
756,1948,179,2,5000,10000+ employees
794,1948,179,2,5000,10000+ employees
900,1948,179,2,5000,10000+ employees
1275,1948,179,2,5000,10000+ employees
1363,1948,179,2,5000,10000+ employees
1411,1948,179,2,5000,10000+ employees
1488,1948,179,2,5000,10000+ employees
106,1994,0,25,50,51 to 200 employees
107,2014,0,-1,-1,1 to 50 employees
108,1967,272,10000,-1,10000+ employees
214,1967,272,10000,-1,10000+ employees
689,1967,272,10000,-1,10000+ employees
751,1967,272,10000,-1,10000+ employees
1096,1967,272,10000,-1,10000+ employees
109,1895,13,100,500,1001 to 5000 employees
110,2004,6,5,10,501 to 1000 employees
111,2018,0,-1,-1,1 to 50 employees
112,-1,0,100,500,1001 to 5000 employees
113,-1,0,-1,-1,51 to 200 employees
114,1845,0,10000,-1,10000+ employees
115,1968,0,1,5,1 to 50 employees
116,-1,0,-1,-1,1 to 50 employees
193,-1,0,-1,-1,1 to 50 employees
117,2008,93,50,100,51 to 200 employees
370,2008,93,50,100,51 to 200 employees
399,2008,93,50,100,51 to 200 employees
409,2008,93,50,100,51 to 200 employees
615,2008,93,50,100,51 to 200 employees
745,2008,93,50,100,51 to 200 employees
884,2008,93,50,100,51 to 200 employees
976,2008,93,50,100,51 to 200 employees
998,2008,93,50,100,51 to 200 employees
1032,2008,93,50,100,51 to 200 employees
1094,2008,93,50,100,51 to 200 employees
1247,2008,93,50,100,51 to 200 employees
1359,2008,93,50,100,51 to 200 employees
1414,2008,93,50,100,51 to 200 employees
1452,2008,93,50,100,51 to 200 employees
1489,2008,93,50,100,51 to 200 employees
1608,2008,93,50,100,51 to 200 employees
1702,2008,93,50,100,51 to 200 employees
1727,2008,93,50,100,51 to 200 employees
1754,2008,93,50,100,51 to 200 employees
1774,2008,93,50,100,51 to 200 employees
118,1911,285,10000,-1,10000+ employees
500,1911,285,10000,-1,10000+ employees
119,1997,15,10000,-1,10000+ employees
120,1995,255,25,50,201 to 500 employees
121,2015,0,-1,-1,1 to 50 employees
122,1832,286,10000,-1,10000+ employees
123,2009,0,25,50,201 to 500 employees
124,-1,287,1,5,51 to 200 employees
125,-1,0,-1,-1,201 to 500 employees
126,-1,288,5,10,51 to 200 employees
127,1934,255,2,5000,10000+ employees
128,1998,0,10,25,1001 to 5000 employees
129,-1,289,1,5,1 to 50 employees
130,1990,290,100,500,1001 to 5000 employees
131,-1,291,-1,-1,1 to 50 employees
132,-1,292,-1,-1,201 to 500 employees
562,-1,292,-1,-1,201 to 500 employees
133,1938,0,2,5000,10000+ employees
134,2008,293,10,25,201 to 500 employees
1134,2008,293,10,25,201 to 500 employees
135,2002,294,-1,-1,1001 to 5000 employees
136,1963,0,100,500,10000+ employees
137,1996,295,1,5,1 to 50 employees
1415,1996,295,1,5,1 to 50 employees
1525,1996,295,1,5,1 to 50 employees
1562,1996,295,1,5,1 to 50 employees
138,1994,232,10000,-1,10000+ employees
811,1994,232,10000,-1,10000+ employees
1287,1994,232,10000,-1,10000+ employees
139,-1,256,-1,-1,Unknown
140,2013,0,-1,-1,51 to 200 employees
141,2013,0,1,2000,10000+ employees
142,-1,256,-1,-1,
143,1992,201,10,25,51 to 200 employees
144,-1,296,25,50,201 to 500 employees
145,1977,0,10,25,51 to 200 employees
146,-1,256,-1,-1,
212,-1,256,-1,-1,
147,-1,297,10,25,51 to 200 employees
148,2000,0,-1,-1,201 to 500 employees
149,-1,256,-1,-1,
575,-1,256,-1,-1,
679,-1,256,-1,-1,
150,2015,0,-1,-1,51 to 200 employees
151,-1,0,-1,-1,Unknown
152,1984,262,100,500,501 to 1000 employees
153,1886,3,25,50,201 to 500 employees
154,-1,273,1,5,1 to 50 employees
807,-1,273,1,5,1 to 50 employees
852,-1,273,1,5,1 to 50 employees
1018,-1,273,1,5,1 to 50 employees
1256,-1,273,1,5,1 to 50 employees
155,1862,298,10000,-1,10000+ employees
169,1862,298,10000,-1,10000+ employees
156,-1,299,-1,-1,1 to 50 employees
157,1999,300,50,100,501 to 1000 employees
158,2008,11,50,100,201 to 500 employees
159,1906,0,10000,-1,10000+ employees
160,2015,0,-1,-1,1 to 50 employees
161,-1,0,-1,-1,Unknown
162,2012,0,-1,-1,201 to 500 employees
163,2004,0,-1,-1,201 to 500 employees
636,2004,0,-1,-1,201 to 500 employees
164,1997,301,25,50,1001 to 5000 employees
711,1997,301,25,50,1001 to 5000 employees
1026,1997,301,25,50,1001 to 5000 employees
1392,1997,301,25,50,1001 to 5000 employees
1810,1997,301,25,50,1001 to 5000 employees
165,-1,256,-1,-1,
842,-1,256,-1,-1,
166,1981,302,50,100,51 to 200 employees
1413,1981,302,50,100,51 to 200 employees
1599,1981,302,50,100,51 to 200 employees
167,-1,0,25,50,201 to 500 employees
168,1969,269,50,100,201 to 500 employees
170,1993,0,1,2000,1001 to 5000 employees
171,-1,256,-1,-1,
172,1935,0,10000,-1,10000+ employees
173,2003,0,-1,-1,501 to 1000 employees
174,-1,0,500,1000,5001 to 10000 employees
175,-1,303,-1,-1,1 to 50 employees
176,-1,304,1,-1,1 to 50 employees
691,-1,304,1,-1,1 to 50 employees
177,-1,305,1,5,1 to 50 employees
178,1971,0,-1,-1,201 to 500 employees
179,-1,256,-1,-1,
180,-1,0,1,5,1 to 50 employees
181,2018,0,-1,-1,501 to 1000 employees
182,-1,0,1,5,1 to 50 employees
183,1989,3,10,25,201 to 500 employees
208,1989,3,10,25,201 to 500 employees
184,2012,0,-1,-1,51 to 200 employees
185,-1,173,25,50,51 to 200 employees
948,-1,173,25,50,51 to 200 employees
1155,-1,173,25,50,51 to 200 employees
1201,-1,173,25,50,51 to 200 employees
1267,-1,173,25,50,51 to 200 employees
1664,-1,173,25,50,51 to 200 employees
1834,-1,173,25,50,51 to 200 employees
186,1966,13,100,500,1001 to 5000 employees
187,-1,256,-1,-1,
188,1967,306,10000,-1,10000+ employees
1132,1967,306,10000,-1,10000+ employees
190,-1,307,-1,-1,1 to 50 employees
191,-1,14,10,25,51 to 200 employees
192,1999,0,25,50,501 to 1000 employees
194,1981,0,5,10,1 to 50 employees
1814,1981,0,5,10,1 to 50 employees
195,-1,256,-1,-1,
196,1859,308,2,5000,10000+ employees
197,1996,309,10,25,201 to 500 employees
1395,1996,309,10,25,201 to 500 employees
198,1990,279,-1,-1,51 to 200 employees
462,1990,279,-1,-1,51 to 200 employees
1125,1990,279,-1,-1,51 to 200 employees
199,2011,281,-1,-1,1 to 50 employees
235,2011,281,-1,-1,1 to 50 employees
201,1985,0,25,50,201 to 500 employees
202,1997,15,-1,-1,1001 to 5000 employees
203,2008,310,100,500,1001 to 5000 employees
204,-1,273,-1,-1,1 to 50 employees
205,1946,311,500,1000,1001 to 5000 employees
206,-1,114,1,-1,1 to 50 employees
207,1984,312,50,100,201 to 500 employees
183,-1,313,-1,-1,1 to 50 employees
208,-1,313,-1,-1,1 to 50 employees
209,1818,0,2,5000,1001 to 5000 employees
210,-1,0,-1,-1,5001 to 10000 employees
211,1932,8,10000,-1,1001 to 5000 employees
213,1923,62,10000,-1,10000+ employees
215,2018,2,-1,-1,51 to 200 employees
216,-1,256,-1,-1,
217,-1,256,-1,-1,
218,1784,0,10000,-1,10000+ employees
301,1784,0,10000,-1,10000+ employees
728,1784,0,10000,-1,10000+ employees
219,-1,0,-1,-1,201 to 500 employees
220,-1,90,-1,-1,1 to 50 employees
1654,-1,90,-1,-1,1 to 50 employees
221,-1,314,1,5,1 to 50 employees
222,-1,315,10,25,51 to 200 employees
223,1996,315,25,50,201 to 500 employees
984,1996,315,25,50,201 to 500 employees
1763,1996,315,25,50,201 to 500 employees
224,-1,0,-1,-1,1001 to 5000 employees
225,2008,316,50,100,501 to 1000 employees
305,2008,316,50,100,501 to 1000 employees
329,2008,316,50,100,501 to 1000 employees
676,2008,316,50,100,501 to 1000 employees
869,2008,316,50,100,501 to 1000 employees
1462,2008,316,50,100,501 to 1000 employees
226,-1,317,1,-1,1 to 50 employees
227,-1,318,-1,-1,1 to 50 employees
228,2012,319,5,10,51 to 200 employees
229,1896,0,1,2000,1001 to 5000 employees
230,-1,320,-1,-1,1 to 50 employees
231,-1,256,-1,-1,
232,2000,321,100,500,1001 to 5000 employees
783,2000,321,100,500,1001 to 5000 employees
233,-1,0,-1,-1,Unknown
234,-1,256,-1,-1,
236,-1,256,-1,-1,
237,1998,255,1,2000,1001 to 5000 employees
238,-1,15,-1,-1,501 to 1000 employees
239,1985,0,25,50,201 to 500 employees
240,1993,0,-1,-1,1001 to 5000 employees
241,-1,1,-1,-1,1 to 50 employees
242,2002,174,50,100,201 to 500 employees
243,1998,322,500,1000,10000+ employees
244,1856,323,5,10000,10000+ employees
245,-1,324,1,5,1 to 50 employees
246,1977,175,10000,-1,10000+ employees
247,-1,325,-1,-1,1 to 50 employees
248,1989,122,100,500,501 to 1000 employees
249,2008,0,50,100,51 to 200 employees
250,1989,326,100,500,501 to 1000 employees
252,1978,255,2,5000,5001 to 10000 employees
253,1996,306,10000,-1,10000+ employees
255,-1,256,-1,-1,
257,1912,327,50,100,1001 to 5000 employees
258,2001,32,5,10,51 to 200 employees
259,1998,255,2,5000,10000+ employees
260,2009,12,-1,-1,501 to 1000 employees
261,1996,95,25,50,51 to 200 employees
627,1996,95,25,50,51 to 200 employees
262,1997,15,-1,-1,1001 to 5000 employees
263,-1,256,-1,-1,
264,1997,328,-1,-1,1 to 50 employees
265,1799,0,10000,-1,10000+ employees
272,1799,0,10000,-1,10000+ employees
266,1985,329,10,25,201 to 500 employees
267,1957,0,100,500,5001 to 10000 employees
268,2006,330,-1,-1,1 to 50 employees
269,2003,331,10,25,201 to 500 employees
270,1997,0,2,5000,10000+ employees
271,-1,256,-1,-1,
273,-1,332,1,-1,1 to 50 employees
274,1937,0,5,10000,1001 to 5000 employees
275,1982,2,-1,-1,201 to 500 employees
276,1964,0,25,50,51 to 200 employees
277,-1,,-1,-1,1 to 50 employees
278,2004,0,-1,-1,1 to 50 employees
279,-1,255,-1,-1,1 to 50 employees
331,-1,255,-1,-1,1 to 50 employees
280,-1,263,-1,-1,1 to 50 employees
281,2000,275,5,10000,1001 to 5000 employees
282,2008,174,1,5,201 to 500 employees
283,2011,0,50,100,201 to 500 employees
284,-1,256,-1,-1,
286,1977,0,100,500,501 to 1000 employees
319,1977,0,100,500,501 to 1000 employees
287,1967,22,5,10000,10000+ employees
288,2018,12,1,5,51 to 200 employees
289,-1,256,-1,-1,
290,1992,0,-1,-1,1 to 50 employees
291,2018,90,-1,-1,1001 to 5000 employees
292,1990,258,5,10000,10000+ employees
293,-1,333,5,10,501 to 1000 employees
294,1978,255,2,5000,1001 to 5000 employees
295,-1,315,5,10,51 to 200 employees
296,-1,256,-1,-1,
297,-1,9,-1,-1,10000+ employees
298,1996,306,10000,-1,10000+ employees
299,1984,0,-1,-1,501 to 1000 employees
302,1982,334,10,25,1001 to 5000 employees
303,1995,0,-1,-1,51 to 200 employees
304,1985,0,2,5000,1001 to 5000 employees
306,-1,335,1,-1,1 to 50 employees
307,-1,256,-1,-1,
308,2009,0,-1,-1,51 to 200 employees
309,-1,26,1,5,1 to 50 employees
310,-1,336,-1,-1,51 to 200 employees
311,-1,337,-1,-1,Unknown
312,2004,338,-1,-1,501 to 1000 employees
362,2004,338,-1,-1,501 to 1000 employees
1676,2004,338,-1,-1,501 to 1000 employees
313,1999,279,100,500,201 to 500 employees
1265,1999,279,100,500,201 to 500 employees
1443,1999,279,100,500,201 to 500 employees
314,-1,200,1,5,1 to 50 employees
1190,-1,200,1,5,1 to 50 employees
315,-1,256,-1,-1,
316,1982,23,1,2000,10000+ employees
317,-1,339,5,10,201 to 500 employees
318,-1,30,-1,-1,501 to 1000 employees
286,-1,340,-1,-1,Unknown
319,-1,340,-1,-1,Unknown
320,-1,256,-1,-1,
544,-1,256,-1,-1,
322,1784,0,10000,-1,10000+ employees
979,1784,0,10000,-1,10000+ employees
323,1993,341,10,25,51 to 200 employees
324,-1,256,-1,-1,
325,1989,32,10000,-1,1001 to 5000 employees
326,1962,33,1,2000,1001 to 5000 employees
327,-1,256,-1,-1,
328,-1,331,-1,-1,51 to 200 employees
827,-1,331,-1,-1,51 to 200 employees
1378,-1,331,-1,-1,51 to 200 employees
1454,-1,331,-1,-1,51 to 200 employees
1804,-1,331,-1,-1,51 to 200 employees
330,2018,339,-1,-1,1001 to 5000 employees
332,-1,159,-1,-1,1 to 50 employees
1082,-1,159,-1,-1,1 to 50 employees
333,-1,,-1,-1,51 to 200 employees
334,-1,,5,10,51 to 200 employees
335,1850,,2,5000,10000+ employees
336,1983,162,100,500,501 to 1000 employees
337,-1,343,1,5,1 to 50 employees
338,-1,278,-1,-1,501 to 1000 employees
339,-1,344,50,100,10000+ employees
340,2018,207,-1,-1,51 to 200 employees
341,2011,112,-1,-1,51 to 200 employees
342,2001,174,25,50,51 to 200 employees
502,2001,174,25,50,51 to 200 employees
1647,2001,174,25,50,51 to 200 employees
1719,2001,174,25,50,51 to 200 employees
343,1869,0,10000,-1,10000+ employees
1078,1869,0,10000,-1,10000+ employees
344,1998,321,-1,-1,501 to 1000 employees
345,2000,345,25,50,501 to 1000 employees
346,-1,,50,100,201 to 500 employees
347,-1,346,1,-1,1 to 50 employees
348,-1,,100,500,1 to 50 employees
349,1995,344,5,10,51 to 200 employees
350,1947,255,100,500,1001 to 5000 employees
351,-1,256,-1,-1,
352,1996,232,1,2000,5001 to 10000 employees
353,2001,347,100,500,501 to 1000 employees
354,1994,348,10,25,51 to 200 employees
1187,1994,348,10,25,51 to 200 employees
1802,1994,348,10,25,51 to 200 employees
1828,1994,348,10,25,51 to 200 employees
355,-1,256,-1,-1,
356,-1,256,-1,-1,
357,-1,254,-1,-1,1 to 50 employees
358,2011,,50,100,1001 to 5000 employees
359,-1,349,5,10,501 to 1000 employees
360,2011,181,-1,-1,51 to 200 employees
361,2006,174,25,50,201 to 500 employees
1212,2006,174,25,50,201 to 500 employees
364,-1,350,1,5,1 to 50 employees
365,1968,86,50,100,1001 to 5000 employees
366,1984,351,50,100,201 to 500 employees
367,1868,45,100,500,1001 to 5000 employees
368,1992,352,25,50,201 to 500 employees
369,1996,45,50,100,51 to 200 employees
371,2000,353,10,25,201 to 500 employees
372,-1,322,1,-1,1 to 50 employees
373,-1,354,1,5,1 to 50 employees
374,-1,46,5,10,51 to 200 employees
375,-1,355,-1,-1,1 to 50 employees
376,1936,49,10000,-1,10000+ employees
377,1914,354,5,10000,10000+ employees
1391,1914,354,5,10000,10000+ employees
378,1935,356,-1,-1,501 to 1000 employees
379,1998,156,100,500,501 to 1000 employees
380,1997,290,100,500,1001 to 5000 employees
381,2015,357,-1,-1,51 to 200 employees
382,-1,53,10,25,201 to 500 employees
383,-1,256,-1,-1,
384,2014,358,5,10,51 to 200 employees
385,1997,290,100,500,1001 to 5000 employees
386,2002,354,10,25,51 to 200 employees
387,-1,321,5,10,1 to 50 employees
388,1962,45,10,25,201 to 500 employees
1169,1962,45,10,25,201 to 500 employees
389,1992,48,10,25,201 to 500 employees
390,1906,59,-1,-1,10000+ employees
1559,1906,59,-1,-1,10000+ employees
391,2018,262,-1,-1,5001 to 10000 employees
392,2002,278,10,25,51 to 200 employees
393,-1,256,-1,-1,
394,1962,359,2,5000,10000+ employees
1021,1962,359,2,5000,10000+ employees
395,-1,52,-1,-1,201 to 500 employees
396,2001,116,100,500,1001 to 5000 employees
397,2000,329,25,50,201 to 500 employees
398,2000,329,25,50,201 to 500 employees
400,1853,55,1,2000,10000+ employees
401,1996,55,500,1000,501 to 1000 employees
402,1984,194,500,1000,1001 to 5000 employees
403,1984,194,500,1000,1001 to 5000 employees
404,1996,57,100,500,1001 to 5000 employees
405,2010,58,-1,-1,201 to 500 employees
406,1996,360,500,1000,1001 to 5000 employees
407,2014,0,1,5,1 to 50 employees
408,2013,60,-1,-1,1 to 50 employees
410,-1,59,-1,-1,1 to 50 employees
411,2018,263,1,5,51 to 200 employees
412,2017,275,-1,-1,1 to 50 employees
413,1996,,50,100,201 to 500 employees
414,2014,63,-1,-1,51 to 200 employees
415,1996,212,10,25,201 to 500 employees
1598,1996,212,10,25,201 to 500 employees
416,1997,0,25,50,201 to 500 employees
1662,1997,0,25,50,201 to 500 employees
417,2016,59,-1,-1,1 to 50 employees
418,-1,232,-1,-1,1 to 50 employees
420,-1,59,-1,-1,1 to 50 employees
426,-1,59,-1,-1,1 to 50 employees
421,2000,282,100,500,1001 to 5000 employees
1216,2000,282,100,500,1001 to 5000 employees
1583,2000,282,100,500,1001 to 5000 employees
422,-1,362,1,-1,1 to 50 employees
423,2011,64,-1,-1,1 to 50 employees
424,-1,242,5,10,51 to 200 employees
425,1902,59,2,5000,10000+ employees
460,1902,59,2,5000,10000+ employees
420,-1,256,-1,-1,
426,-1,256,-1,-1,
428,2012,57,-1,-1,1001 to 5000 employees
777,2012,57,-1,-1,1001 to 5000 employees
429,-1,57,-1,-1,51 to 200 employees
430,2007,58,-1,-1,51 to 200 employees
431,2014,59,-1,-1,1 to 50 employees
432,1944,63,-1,-1,201 to 500 employees
433,-1,0,-1,-1,51 to 200 employees
434,-1,363,-1,-1,1 to 50 employees
435,1888,207,2,5000,1001 to 5000 employees
436,2002,145,10,25,51 to 200 employees
437,2000,57,5,10,51 to 200 employees
438,2017,59,5,10,51 to 200 employees
439,2013,66,-1,-1,201 to 500 employees
440,1971,67,-1,-1,501 to 1000 employees
441,-1,67,-1,-1,1 to 50 employees
442,2007,58,1,2000,1001 to 5000 employees
443,-1,57,5,10,51 to 200 employees
444,1880,59,2,5000,10000+ employees
445,1973,364,50,100,501 to 1000 employees
1074,1973,364,50,100,501 to 1000 employees
446,2016,59,-1,-1,51 to 200 employees
447,1923,62,10000,-1,5001 to 10000 employees
448,-1,256,-1,-1,
449,-1,365,10,25,51 to 200 employees
450,1982,175,2,5000,5001 to 10000 employees
451,1931,59,1,2000,5001 to 10000 employees
452,2003,0,10000,-1,10000+ employees
453,1987,59,1,2000,1001 to 5000 employees
454,1938,67,2,5000,201 to 500 employees
455,-1,0,50,100,201 to 500 employees
456,-1,62,-1,-1,Unknown
457,1978,366,2,5000,10000+ employees
458,-1,109,10,25,51 to 200 employees
459,-1,367,-1,-1,1 to 50 employees
461,-1,256,-1,-1,
463,-1,279,-1,-1,201 to 500 employees
464,-1,368,-1,-1,1 to 50 employees
465,-1,256,-1,-1,
922,-1,256,-1,-1,
1163,-1,256,-1,-1,
466,1997,59,-1,-1,1001 to 5000 employees
467,-1,59,-1,-1,1001 to 5000 employees
468,2001,156,25,50,51 to 200 employees
469,2016,59,-1,-1,1 to 50 employees
470,2015,59,-1,-1,51 to 200 employees
471,1989,57,-1,-1,51 to 200 employees
472,1997,183,5,10000,1001 to 5000 employees
1231,1997,183,5,10000,1001 to 5000 employees
473,-1,369,2,5000,10000+ employees
474,1971,370,25,50,501 to 1000 employees
475,2009,59,10,25,51 to 200 employees
476,1998,57,1,2000,1001 to 5000 employees
478,2019,0,-1,-1,5001 to 10000 employees
479,-1,371,-1,-1,1 to 50 employees
480,2017,372,-1,-1,501 to 1000 employees
481,1919,59,-1,-1,5001 to 10000 employees
482,1979,58,5,10000,10000+ employees
483,2012,59,-1,-1,201 to 500 employees
484,-1,190,-1,-1,1 to 50 employees
485,1945,210,10000,-1,10000+ employees
1049,1945,210,10000,-1,10000+ employees
1304,1945,210,10000,-1,10000+ employees
1815,1945,210,10000,-1,10000+ employees
486,1983,101,-1,-1,5001 to 10000 employees
1668,1983,101,-1,-1,5001 to 10000 employees
487,1973,373,50,100,501 to 1000 employees
488,1954,59,-1,-1,1001 to 5000 employees
530,1954,59,-1,-1,1001 to 5000 employees
489,2005,224,-1,-1,51 to 200 employees
1351,2005,224,-1,-1,51 to 200 employees
490,-1,174,-1,-1,Unknown
491,-1,256,-1,-1,
492,-1,256,-1,-1,
493,1998,57,1,2000,1001 to 5000 employees
494,-1,256,-1,-1,
496,-1,,1,-1,1 to 50 employees
497,1980,73,10000,-1,10000+ employees
498,2013,58,-1,-1,201 to 500 employees
499,2006,109,100,500,201 to 500 employees
551,2006,109,100,500,201 to 500 employees
501,1980,59,2,5000,5001 to 10000 employees
503,-1,256,-1,-1,
504,2016,59,-1,-1,1001 to 5000 employees
527,2016,59,-1,-1,1001 to 5000 employees
1344,2016,59,-1,-1,1001 to 5000 employees
505,1948,59,-1,-1,501 to 1000 employees
506,1961,59,2,5000,1001 to 5000 employees
507,-1,57,-1,-1,1 to 50 employees
508,-1,69,-1,-1,Unknown
509,1994,194,100,500,1001 to 5000 employees
510,-1,374,-1,-1,Unknown
511,1996,57,25,50,201 to 500 employees
512,-1,375,-1,-1,1 to 50 employees
513,1998,376,25,50,201 to 500 employees
514,-1,59,-1,-1,1 to 50 employees
515,-1,377,1,5,1 to 50 employees
516,2005,279,10,25,51 to 200 employees
518,1954,59,-1,-1,1001 to 5000 employees
519,-1,177,1,-1,51 to 200 employees
520,1939,378,10000,-1,10000+ employees
521,1994,76,10,25,1 to 50 employees
522,2010,59,-1,-1,501 to 1000 employees
523,1976,176,10000,-1,10000+ employees
1233,1976,176,10000,-1,10000+ employees
524,-1,379,1,5,1 to 50 employees
525,2011,80,-1,-1,201 to 500 employees
526,-1,292,-1,-1,51 to 200 employees
1736,-1,292,-1,-1,51 to 200 employees
528,-1,256,-1,-1,
529,-1,380,-1,-1,1 to 50 employees
531,1995,69,100,500,1001 to 5000 employees
532,2002,59,10,25,1 to 50 employees
533,-1,83,-1,-1,1 to 50 employees
534,2014,64,-1,-1,51 to 200 employees
535,-1,256,-1,-1,
536,-1,256,-1,-1,
537,-1,256,-1,-1,
538,1935,381,100,500,201 to 500 employees
539,1994,75,-1,-1,501 to 1000 employees
540,1979,71,10,25,51 to 200 employees
541,2001,59,5,10,51 to 200 employees
542,1872,255,10000,-1,10000+ employees
543,1939,210,10000,-1,5001 to 10000 employees
545,1982,132,5,10000,10000+ employees
546,1990,0,1,2000,1001 to 5000 employees
547,2003,68,-1,-1,201 to 500 employees
548,-1,331,1,-1,1 to 50 employees
861,-1,331,1,-1,1 to 50 employees
1168,-1,331,1,-1,1 to 50 employees
1817,-1,331,1,-1,1 to 50 employees
549,-1,59,100,500,201 to 500 employees
550,2003,59,50,100,1001 to 5000 employees
552,1977,73,2,5000,501 to 1000 employees
553,-1,382,10,25,51 to 200 employees
554,1919,86,-1,-1,501 to 1000 employees
555,-1,256,-1,-1,
556,1926,81,50,100,501 to 1000 employees
557,-1,383,-1,-1,51 to 200 employees
558,2013,384,1,-1,1 to 50 employees
559,-1,385,-1,-1,51 to 200 employees
560,2013,209,-1,-1,1 to 50 employees
561,1919,86,-1,-1,501 to 1000 employees
563,1964,64,1,2000,1001 to 5000 employees
599,1964,64,1,2000,1001 to 5000 employees
1545,1964,64,1,2000,1001 to 5000 employees
564,-1,256,-1,-1,
566,-1,256,-1,-1,
567,1991,90,10,25,51 to 200 employees
568,1855,236,100,500,10000+ employees
569,-1,59,-1,-1,201 to 500 employees
570,1999,386,-1,-1,201 to 500 employees
571,2013,387,-1,-1,1 to 50 employees
572,1959,88,1,2000,5001 to 10000 employees
573,-1,256,-1,-1,
574,-1,256,-1,-1,
576,-1,256,-1,-1,
577,-1,256,-1,-1,
578,1991,388,500,1000,1001 to 5000 employees
579,2000,90,-1,-1,501 to 1000 employees
580,2007,389,100,500,201 to 500 employees
581,1999,377,100,500,501 to 1000 employees
582,2001,90,-1,-1,501 to 1000 employees
583,1946,282,5,10000,5001 to 10000 employees
584,1946,282,5,10000,5001 to 10000 employees
1048,1946,282,5,10000,5001 to 10000 employees
1208,1946,282,5,10000,5001 to 10000 employees
586,1999,90,-1,-1,201 to 500 employees
587,1986,90,1,2000,5001 to 10000 employees
588,2011,390,100,500,201 to 500 employees
589,1890,90,2,5000,10000+ employees
590,2000,0,100,500,51 to 200 employees
722,2000,0,100,500,51 to 200 employees
817,2000,0,100,500,51 to 200 employees
880,2000,0,100,500,51 to 200 employees
882,2000,0,100,500,51 to 200 employees
894,2000,0,100,500,51 to 200 employees
917,2000,0,100,500,51 to 200 employees
1077,2000,0,100,500,51 to 200 employees
1553,2000,0,100,500,51 to 200 employees
1767,2000,0,100,500,51 to 200 employees
591,-1,391,-1,-1,1 to 50 employees
592,2010,90,50,100,201 to 500 employees
1706,2010,90,50,100,201 to 500 employees
593,1886,344,10000,-1,10000+ employees
594,1999,262,1,2000,51 to 200 employees
595,1979,90,2,5000,51 to 200 employees
596,1994,100,10,25,51 to 200 employees
597,1997,392,25,50,201 to 500 employees
598,1882,90,2,5000,10000+ employees
600,1971,393,500,1000,1001 to 5000 employees
601,1883,90,-1,-1,10000+ employees
602,1837,90,-1,-1,10000+ employees
603,1999,90,-1,-1,1001 to 5000 employees
604,1947,232,1,2000,1001 to 5000 employees
605,1817,286,10000,-1,10000+ employees
606,1999,394,1,2000,10000+ employees
607,2011,90,-1,-1,1 to 50 employees
608,2015,275,10000,-1,10000+ employees
609,-1,90,-1,-1,1 to 50 employees
610,2012,90,500,1000,1001 to 5000 employees
611,1983,395,2,5000,1001 to 5000 employees
1492,1983,395,2,5000,1001 to 5000 employees
612,-1,61,-1,-1,1 to 50 employees
613,1944,396,2,5000,5001 to 10000 employees
614,2017,397,5,10,1 to 50 employees
616,2013,207,500,1000,1001 to 5000 employees
1649,2013,207,500,1000,1001 to 5000 employees
618,-1,398,-1,-1,1 to 50 employees
619,2007,399,1,-1,51 to 200 employees
620,2015,90,-1,-1,51 to 200 employees
621,-1,90,-1,-1,201 to 500 employees
622,-1,256,-1,-1,
1336,-1,256,-1,-1,
623,-1,90,-1,-1,Unknown
629,-1,90,-1,-1,Unknown
625,2015,90,-1,-1,501 to 1000 employees
626,-1,90,-1,-1,1 to 50 employees
628,-1,400,1,5,1 to 50 employees
623,1991,401,-1,-1,51 to 200 employees
629,1991,401,-1,-1,51 to 200 employees
630,2014,90,50,100,51 to 200 employees
631,-1,402,-1,-1,51 to 200 employees
836,-1,402,-1,-1,51 to 200 employees
633,1837,90,1,2000,5001 to 10000 employees
634,1998,403,100,500,1001 to 5000 employees
764,1998,403,100,500,1001 to 5000 employees
916,1998,403,100,500,1001 to 5000 employees
1823,1998,403,100,500,1001 to 5000 employees
635,1935,90,100,500,501 to 1000 employees
637,-1,404,1,5,1 to 50 employees
638,2000,405,-1,-1,201 to 500 employees
639,-1,90,-1,-1,10000+ employees
640,1983,275,-1,-1,501 to 1000 employees
626,2014,292,-1,-1,1 to 50 employees
641,2001,90,50,100,501 to 1000 employees
642,1989,255,10000,-1,10000+ employees
898,1989,255,10000,-1,10000+ employees
1592,1989,255,10000,-1,10000+ employees
643,-1,232,1,-1,1 to 50 employees
644,1908,90,-1,-1,5001 to 10000 employees
645,2003,345,-1,-1,201 to 500 employees
799,2003,345,-1,-1,201 to 500 employees
1687,2003,345,-1,-1,201 to 500 employees
646,1966,126,1,2000,1001 to 5000 employees
647,2004,90,100,500,1001 to 5000 employees
648,1959,97,500,1000,1001 to 5000 employees
649,-1,256,-1,-1,
650,1996,201,100,500,501 to 1000 employees
651,-1,0,1,-1,1 to 50 employees
1114,-1,0,1,-1,1 to 50 employees
652,1988,0,1,2000,5001 to 10000 employees
653,1965,126,-1,-1,1001 to 5000 employees
654,1997,90,100,500,1001 to 5000 employees
655,1982,100,25,50,51 to 200 employees
656,1828,255,10000,-1,10000+ employees
658,1906,90,25,50,501 to 1000 employees
659,2014,109,-1,-1,1 to 50 employees
726,2014,109,-1,-1,1 to 50 employees
660,-1,90,-1,-1,1 to 50 employees
661,-1,102,100,500,1001 to 5000 employees
662,2001,258,2,5000,5001 to 10000 employees
663,1998,270,50,100,1001 to 5000 employees
664,-1,256,-1,-1,
885,-1,256,-1,-1,
1615,-1,256,-1,-1,
665,2005,103,5,10000,10000+ employees
666,2003,255,10,25,51 to 200 employees
667,2007,301,100,500,1001 to 5000 employees
1186,2007,301,100,500,1001 to 5000 employees
1611,2007,301,100,500,1001 to 5000 employees
668,2011,207,1,-1,1 to 50 employees
669,1961,90,50,100,201 to 500 employees
670,-1,406,50,100,501 to 1000 employees
671,1982,90,-1,-1,Unknown
672,1889,90,2,5000,10000+ employees
673,-1,90,1,-1,1 to 50 employees
674,2001,90,25,50,201 to 500 employees
675,2005,94,50,100,201 to 500 employees
677,-1,256,-1,-1,
678,-1,279,1,-1,1 to 50 employees
680,1898,90,1,2000,1001 to 5000 employees
681,2004,334,50,100,51 to 200 employees
682,-1,407,-1,-1,1 to 50 employees
683,-1,95,1,5,1 to 50 employees
684,-1,256,-1,-1,
685,1999,408,25,50,201 to 500 employees
686,1976,409,10,25,10000+ employees
687,1928,90,5,10000,10000+ employees
688,1966,105,10000,-1,10000+ employees
690,1913,106,2,5000,5001 to 10000 employees
692,-1,410,-1,-1,5001 to 10000 employees
694,2018,279,25,50,51 to 200 employees
780,2018,279,25,50,51 to 200 employees
695,1995,255,50,100,51 to 200 employees
696,2012,411,1,5,1 to 50 employees
697,2010,90,-1,-1,1 to 50 employees
698,1901,96,10000,-1,10000+ employees
699,1916,107,1,5,201 to 500 employees
700,-1,256,-1,-1,
701,-1,90,-1,-1,51 to 200 employees
702,-1,232,-1,-1,1 to 50 employees
703,-1,270,-1,-1,1001 to 5000 employees
704,-1,90,-1,-1,Unknown
705,1857,90,50,100,201 to 500 employees
706,-1,256,-1,-1,
707,1859,90,-1,-1,1001 to 5000 employees
708,1984,270,10000,-1,10000+ employees
765,1984,270,10000,-1,10000+ employees
1055,1984,270,10000,-1,10000+ employees
1377,1984,270,10000,-1,10000+ employees
709,2013,261,-1,-1,1 to 50 employees
712,2013,261,-1,-1,1 to 50 employees
710,-1,412,-1,-1,1001 to 5000 employees
709,1988,99,5,10,1 to 50 employees
712,1988,99,5,10,1 to 50 employees
714,-1,256,-1,-1,
715,1845,261,10000,-1,10000+ employees
716,1984,109,1,2000,201 to 500 employees
717,2005,109,10,25,201 to 500 employees
718,-1,413,1,5,1 to 50 employees
720,1994,109,2,5000,1001 to 5000 employees
721,2007,110,-1,-1,51 to 200 employees
723,1997,109,-1,-1,201 to 500 employees
724,1966,109,100,500,5001 to 10000 employees
725,-1,0,-1,-1,Unknown
727,1962,414,50,100,501 to 1000 employees
729,1955,109,100,500,51 to 200 employees
730,-1,256,-1,-1,
731,1949,111,100,500,1001 to 5000 employees
732,2012,110,1,5,1 to 50 employees
733,2003,415,1,-1,201 to 500 employees
734,-1,256,-1,-1,
735,1966,109,100,500,51 to 200 employees
736,-1,416,100,500,201 to 500 employees
737,-1,109,-1,-1,Unknown
738,-1,275,-1,-1,1001 to 5000 employees
1111,-1,275,-1,-1,1001 to 5000 employees
739,-1,417,-1,-1,501 to 1000 employees
740,1968,194,10000,-1,10000+ employees
741,2004,,100,500,201 to 500 employees
743,2010,419,1,5,201 to 500 employees
744,-1,315,1,-1,51 to 200 employees
746,1986,261,-1,-1,1 to 50 employees
747,1999,109,50,100,201 to 500 employees
748,-1,108,5,10,1 to 50 employees
749,2005,275,25,50,51 to 200 employees
750,-1,256,-1,-1,51 to 200 employees
752,1999,329,1,2000,5001 to 10000 employees
753,1970,112,100,500,10000+ employees
754,-1,420,-1,-1,1 to 50 employees
755,-1,421,-1,-1,1001 to 5000 employees
757,-1,109,1,5,1 to 50 employees
758,1980,109,1,-1,501 to 1000 employees
759,-1,422,1,-1,1 to 50 employees
760,1822,423,-1,-1,201 to 500 employees
761,1985,271,10000,-1,5001 to 10000 employees
1396,1985,271,10000,-1,5001 to 10000 employees
762,2009,344,50,100,201 to 500 employees
1333,2009,344,50,100,201 to 500 employees
763,-1,169,-1,-1,Unknown
1439,-1,169,-1,-1,Unknown
766,1949,111,100,500,1001 to 5000 employees
767,1966,109,100,500,5001 to 10000 employees
768,-1,424,1,-1,1 to 50 employees
769,-1,425,1,-1,Unknown
770,1980,,-1,-1,1 to 50 employees
771,-1,256,-1,-1,
772,1998,351,100,500,501 to 1000 employees
773,2004,109,10,25,51 to 200 employees
774,-1,109,-1,-1,201 to 500 employees
775,1998,109,100,500,1001 to 5000 employees
776,1972,109,1,2000,5001 to 10000 employees
778,-1,111,1,-1,51 to 200 employees
779,2007,300,10,25,51 to 200 employees
781,1996,109,1,5,51 to 200 employees
784,-1,177,5,10,51 to 200 employees
1681,-1,177,5,10,51 to 200 employees
785,2011,109,1,5,1 to 50 employees
786,1955,426,100,500,501 to 1000 employees
787,1980,109,50,100,501 to 1000 employees
788,1864,306,10000,-1,10000+ employees
1534,1864,306,10000,-1,10000+ employees
789,2010,116,25,50,201 to 500 employees
790,1939,116,50,100,1001 to 5000 employees
791,1975,116,100,500,501 to 1000 employees
792,1970,134,100,500,1001 to 5000 employees
853,1970,134,100,500,1001 to 5000 employees
888,1970,134,100,500,1001 to 5000 employees
1088,1970,134,100,500,1001 to 5000 employees
1831,1970,134,100,500,1001 to 5000 employees
793,1960,117,2,5000,10000+ employees
795,2005,122,10,25,51 to 200 employees
796,1986,427,1,2000,5001 to 10000 employees
797,2019,117,100,500,201 to 500 employees
798,1992,194,-1,-1,501 to 1000 employees
800,1994,298,500,1000,5001 to 10000 employees
801,-1,428,-1,-1,1001 to 5000 employees
803,2002,116,1,5,1 to 50 employees
804,-1,117,1,-1,1 to 50 employees
805,1999,116,5,10000,10000+ employees
806,1973,207,5,10000,10000+ employees
808,-1,256,-1,-1,
809,1948,429,100,500,1001 to 5000 employees
810,1985,430,500,1000,1001 to 5000 employees
1446,1985,430,500,1000,1001 to 5000 employees
812,-1,256,-1,-1,
813,-1,281,-1,-1,1 to 50 employees
814,-1,115,-1,-1,501 to 1000 employees
815,1885,115,1,2000,5001 to 10000 employees
816,2004,431,100,500,1001 to 5000 employees
818,2002,119,50,100,501 to 1000 employees
1211,2002,119,50,100,501 to 1000 employees
819,1951,115,2,5000,10000+ employees
820,1922,116,2,5000,1001 to 5000 employees
821,1998,116,-1,-1,1 to 50 employees
822,2004,432,1,5,51 to 200 employees
1236,2004,432,1,5,51 to 200 employees
1339,2004,432,1,5,51 to 200 employees
1777,2004,432,1,5,51 to 200 employees
1806,2004,432,1,5,51 to 200 employees
823,1957,433,5,10000,10000+ employees
824,-1,434,-1,-1,Unknown
825,1945,435,10000,-1,10000+ employees
826,2001,117,-1,-1,1001 to 5000 employees
828,-1,279,1,5,1 to 50 employees
1227,-1,279,1,5,1 to 50 employees
1302,-1,279,1,5,1 to 50 employees
1332,-1,279,1,5,1 to 50 employees
829,2018,116,10,25,201 to 500 employees
830,-1,256,-1,-1,
831,2004,201,10,25,201 to 500 employees
832,-1,279,1,-1,1 to 50 employees
833,1975,128,-1,-1,10000+ employees
915,1975,128,-1,-1,10000+ employees
1496,1975,128,-1,-1,10000+ employees
834,2001,235,50,100,201 to 500 employees
835,2005,436,-1,-1,10000+ employees
837,-1,436,-1,-1,10000+ employees
838,1999,437,-1,-1,201 to 500 employees
839,1980,282,1,2000,10000+ employees
841,2003,438,-1,-1,201 to 500 employees
843,1986,439,100,500,1001 to 5000 employees
844,-1,440,-1,-1,1 to 50 employees
845,-1,256,-1,-1,
846,-1,174,-1,-1,51 to 200 employees
847,-1,256,-1,-1,
848,-1,352,1,5,201 to 500 employees
849,2017,300,-1,-1,1001 to 5000 employees
850,1997,441,100,500,1001 to 5000 employees
1485,1997,441,100,500,1001 to 5000 employees
851,-1,256,-1,-1,
854,1889,442,5,10000,10000+ employees
1104,1889,442,5,10000,10000+ employees
855,1996,443,-1,-1,501 to 1000 employees
856,-1,117,10,25,51 to 200 employees
857,-1,256,-1,-1,
858,1954,444,1,2000,10000+ employees
859,1914,224,-1,-1,1001 to 5000 employees
860,2007,115,25,50,51 to 200 employees
863,2000,156,25,50,201 to 500 employees
864,2007,177,-1,-1,51 to 200 employees
865,2000,162,25,50,201 to 500 employees
866,1996,445,1,5,51 to 200 employees
867,-1,162,-1,-1,51 to 200 employees
946,-1,162,-1,-1,51 to 200 employees
1513,-1,162,-1,-1,51 to 200 employees
868,1939,116,-1,-1,1001 to 5000 employees
870,-1,115,-1,-1,Unknown
871,1992,0,500,1000,1001 to 5000 employees
872,1963,446,10000,-1,10000+ employees
873,2008,122,50,100,201 to 500 employees
874,1968,123,-1,-1,201 to 500 employees
875,2003,124,100,500,1001 to 5000 employees
876,2017,90,-1,-1,201 to 500 employees
877,1994,447,500,1000,201 to 500 employees
878,2013,126,-1,-1,1 to 50 employees
879,2004,445,50,100,501 to 1000 employees
1331,2004,445,50,100,501 to 1000 employees
881,-1,256,-1,-1,
883,2002,126,-1,-1,51 to 200 employees
886,1966,67,2,5000,10000+ employees
887,-1,122,-1,-1,1 to 50 employees
890,1992,327,10,25,51 to 200 employees
891,-1,448,1,-1,1 to 50 employees
892,2013,126,-1,-1,1001 to 5000 employees
893,1991,449,500,1000,10000+ employees
1238,1991,449,500,1000,10000+ employees
1479,1991,449,500,1000,10000+ employees
1520,1991,449,500,1000,10000+ employees
1769,1991,449,500,1000,10000+ employees
895,1740,126,-1,-1,10000+ employees
896,-1,391,5,10,1 to 50 employees
897,-1,450,2,5000,1001 to 5000 employees
899,-1,126,10,25,51 to 200 employees
901,2005,126,10,25,201 to 500 employees
902,1987,126,-1,-1,501 to 1000 employees
903,1983,126,5,10000,5001 to 10000 employees
904,-1,126,500,1000,5001 to 10000 employees
905,-1,451,-1,-1,1 to 50 employees
906,1799,0,10000,-1,10000+ employees
907,1904,132,2,5000,10000+ employees
953,1904,132,2,5000,10000+ employees
908,-1,256,-1,-1,
909,2014,133,-1,-1,51 to 200 employees
910,-1,452,1,-1,1 to 50 employees
911,-1,256,-1,-1,
943,-1,256,-1,-1,
912,2007,436,-1,-1,10000+ employees
913,-1,134,1,5,1 to 50 employees
914,1993,453,10,25,51 to 200 employees
918,2015,27,-1,-1,1001 to 5000 employees
919,2011,354,-1,-1,201 to 500 employees
920,1992,454,10,25,51 to 200 employees
921,-1,126,-1,-1,201 to 500 employees
923,-1,256,-1,-1,
924,2006,109,100,500,201 to 500 employees
925,-1,137,50,100,51 to 200 employees
926,1855,126,50,100,1001 to 5000 employees
927,-1,57,5,10,51 to 200 employees
928,2012,455,10,25,51 to 200 employees
929,-1,137,1,2000,1001 to 5000 employees
930,2011,354,10,25,51 to 200 employees
931,2001,0,100,500,501 to 1000 employees
932,1987,126,-1,-1,501 to 1000 employees
933,-1,126,-1,-1,1 to 50 employees
934,1995,456,10,25,51 to 200 employees
935,-1,142,-1,-1,51 to 200 employees
936,1855,286,10000,-1,10000+ employees
937,1916,90,10000,-1,10000+ employees
1776,1916,90,10000,-1,10000+ employees
938,1996,457,50,100,201 to 500 employees
939,1990,143,1,2000,1001 to 5000 employees
963,1990,143,1,2000,1001 to 5000 employees
940,1992,261,50,100,501 to 1000 employees
941,1957,142,500,1000,1001 to 5000 employees
942,2005,124,10,25,1 to 50 employees
944,-1,458,5,10,1 to 50 employees
947,1994,126,-1,-1,1 to 50 employees
949,1994,143,100,500,1001 to 5000 employees
950,1970,134,100,500,1001 to 5000 employees
957,1970,134,100,500,1001 to 5000 employees
974,1970,134,100,500,1001 to 5000 employees
1408,1970,134,100,500,1001 to 5000 employees
951,-1,459,-1,-1,1001 to 5000 employees
952,1992,327,10,25,51 to 200 employees
954,1966,67,2,5000,10000+ employees
955,-1,460,5,10,1 to 50 employees
956,2009,156,100,500,501 to 1000 employees
958,1997,126,25,50,5001 to 10000 employees
959,1830,461,10000,-1,10000+ employees
960,-1,256,-1,-1,
961,-1,462,-1,-1,Unknown
962,1987,463,2,5000,10000+ employees
964,-1,122,1,5,1 to 50 employees
965,1887,130,-1,-1,5001 to 10000 employees
967,-1,256,-1,-1,
968,2004,464,50,100,1001 to 5000 employees
1041,2004,464,50,100,1001 to 5000 employees
1832,2004,464,50,100,1001 to 5000 employees
969,-1,465,1,5,1 to 50 employees
970,1995,345,10,25,1 to 50 employees
971,-1,466,-1,-1,201 to 500 employees
972,2002,467,1,5,1 to 50 employees
973,-1,256,-1,-1,
975,-1,256,-1,-1,
977,2007,468,10000,-1,10000+ employees
978,-1,469,5,10,1001 to 5000 employees
980,1974,126,100,500,1001 to 5000 employees
981,-1,445,1,5,1 to 50 employees
982,1991,329,-1,-1,1001 to 5000 employees
983,2010,464,50,100,501 to 1000 employees
1355,2010,464,50,100,501 to 1000 employees
1518,2010,464,50,100,501 to 1000 employees
1709,2010,464,50,100,501 to 1000 employees
985,-1,153,1,5,1 to 50 employees
986,1986,316,50,100,501 to 1000 employees
988,2011,51,5,10000,10000+ employees
989,2014,153,-1,-1,501 to 1000 employees
990,2010,190,-1,-1,501 to 1000 employees
991,1985,153,1,2000,201 to 500 employees
992,1905,153,10000,-1,10000+ employees
993,-1,164,-1,-1,51 to 200 employees
994,-1,470,-1,-1,1 to 50 employees
995,-1,256,-1,-1,
1467,-1,256,-1,-1,
1830,-1,256,-1,-1,
996,2001,445,100,500,1001 to 5000 employees
999,1999,357,50,100,501 to 1000 employees
1463,1999,357,50,100,501 to 1000 employees
1829,1999,357,50,100,501 to 1000 employees
1000,2016,153,-1,-1,1 to 50 employees
1001,1991,380,5,10000,10000+ employees
1002,1995,377,50,100,201 to 500 employees
1003,-1,471,-1,-1,1 to 50 employees
1019,-1,471,-1,-1,1 to 50 employees
1005,1965,156,2,5000,10000+ employees
1007,1961,472,100,500,1001 to 5000 employees
1008,2003,295,50,100,201 to 500 employees
1009,1996,329,10000,-1,10000+ employees
1067,1996,329,10000,-1,10000+ employees
1010,2005,271,-1,-1,51 to 200 employees
1011,2015,153,-1,-1,1 to 50 employees
1012,1991,473,2,5000,1001 to 5000 employees
1013,2003,321,1,2000,5001 to 10000 employees
1014,1974,153,-1,-1,501 to 1000 employees
1015,-1,474,500,1000,1001 to 5000 employees
1016,1999,51,25,50,51 to 200 employees
1017,2001,164,10,25,1 to 50 employees
1020,1990,404,100,500,1001 to 5000 employees
1022,1953,156,1,2000,1001 to 5000 employees
1023,1960,475,-1,-1,10000+ employees
1024,1990,436,100,500,501 to 1000 employees
1025,-1,331,1,-1,1 to 50 employees
1027,1868,210,5,10000,10000+ employees
1028,1966,156,-1,-1,10000+ employees
1029,-1,256,-1,-1,Unknown
1030,2003,476,50,100,201 to 500 employees
1031,2010,156,-1,-1,51 to 200 employees
1033,1953,156,1,2000,5001 to 10000 employees
1034,2010,460,-1,-1,1 to 50 employees
1035,2000,156,500,1000,1001 to 5000 employees
1036,2014,475,-1,-1,51 to 200 employees
1037,-1,477,-1,-1,1 to 50 employees
1038,2009,220,25,50,51 to 200 employees
1039,2006,156,50,100,1001 to 5000 employees
1040,1998,156,2,5000,5001 to 10000 employees
1042,1952,357,10000,-1,10000+ employees
1043,-1,478,-1,-1,51 to 200 employees
1044,-1,256,-1,-1,
1045,1999,156,1,2000,1001 to 5000 employees
1046,1897,20,10000,-1,10000+ employees
1047,1989,334,2,5000,1001 to 5000 employees
1050,2000,156,1,5,1 to 50 employees
1051,2013,156,-1,-1,51 to 200 employees
1052,1983,181,2,5000,5001 to 10000 employees
1299,1983,181,2,5000,5001 to 10000 employees
1053,-1,479,-1,-1,1 to 50 employees
1054,-1,156,10,25,1 to 50 employees
1056,1985,243,-1,-1,201 to 500 employees
1057,-1,480,-1,-1,10000+ employees
1058,2010,0,10,25,51 to 200 employees
1271,2010,0,10,25,51 to 200 employees
1059,2018,445,-1,-1,10000+ employees
1060,1989,156,10,25,1001 to 5000 employees
1061,-1,156,-1,-1,51 to 200 employees
1062,1983,158,100,500,1001 to 5000 employees
1063,1962,73,2,5000,10000+ employees
1064,1990,315,25,50,501 to 1000 employees
1065,1990,481,10000,-1,5001 to 10000 employees
1066,2002,394,10,25,51 to 200 employees
1068,-1,256,-1,-1,501 to 1000 employees
1303,-1,256,-1,-1,501 to 1000 employees
1735,-1,256,-1,-1,501 to 1000 employees
1750,-1,256,-1,-1,501 to 1000 employees
1069,1986,156,-1,-1,501 to 1000 employees
1070,2004,482,10,25,51 to 200 employees
1071,1988,115,5,10000,5001 to 10000 employees
1072,1976,400,500,1000,5001 to 10000 employees
1073,1994,255,10000,-1,10000+ employees
1075,2015,162,-1,-1,51 to 200 employees
1076,1999,90,-1,-1,501 to 1000 employees
1079,-1,163,-1,-1,1 to 50 employees
1080,1957,162,100,500,501 to 1000 employees
1081,1914,0,10000,-1,1001 to 5000 employees
1083,1995,163,100,500,1001 to 5000 employees
1430,1995,163,100,500,1001 to 5000 employees
1084,-1,162,50,100,201 to 500 employees
1085,1919,483,10000,-1,10000+ employees
1086,-1,164,1,-1,1 to 50 employees
1087,1865,484,10000,-1,10000+ employees
1089,-1,485,1,-1,1 to 50 employees
1090,1999,486,-1,-1,201 to 500 employees
1091,1998,487,100,500,1001 to 5000 employees
1092,1998,162,1,2000,1001 to 5000 employees
1093,1921,162,-1,-1,1001 to 5000 employees
1095,-1,304,-1,-1,201 to 500 employees
1097,2005,488,100,500,1001 to 5000 employees
1484,2005,488,100,500,1001 to 5000 employees
1098,1867,162,1,2000,10000+ employees
1099,-1,256,-1,-1,
1100,2017,162,-1,-1,501 to 1000 employees
1102,1999,162,5,10,1 to 50 employees
1103,1867,162,1,2000,10000+ employees
1105,1913,262,-1,-1,1001 to 5000 employees
1106,-1,256,-1,-1,
1107,2010,489,10,25,51 to 200 employees
1108,-1,256,-1,-1,
1109,1971,165,2,5000,1001 to 5000 employees
1110,1933,162,5,10000,10000+ employees
1112,1997,294,-1,-1,10000+ employees
1210,1997,294,-1,-1,10000+ employees
1113,1914,308,5,10000,1001 to 5000 employees
1115,2004,490,-1,-1,501 to 1000 employees
1116,1906,162,2,5000,1001 to 5000 employees
1118,1966,161,10,25,201 to 500 employees
1119,-1,419,-1,-1,201 to 500 employees
1120,1987,174,10000,-1,5001 to 10000 employees
1121,-1,318,5,10,51 to 200 employees
1490,-1,318,5,10,51 to 200 employees
1123,1998,163,500,1000,5001 to 10000 employees
1124,1963,167,2,5000,5001 to 10000 employees
1126,2007,159,-1,-1,51 to 200 employees
1127,1999,164,5,10,51 to 200 employees
1129,2008,153,-1,-1,51 to 200 employees
1130,-1,164,-1,-1,Unknown
1131,1997,272,-1,-1,51 to 200 employees
1133,1995,491,100,500,201 to 500 employees
1135,-1,256,-1,-1,
1136,1947,164,500,1000,5001 to 10000 employees
1137,-1,492,-1,-1,201 to 500 employees
1138,1998,162,25,50,51 to 200 employees
1436,1998,162,25,50,51 to 200 employees
1139,-1,156,25,50,51 to 200 employees
1140,-1,159,1,5,1 to 50 employees
1141,-1,493,-1,-1,51 to 200 employees
1142,2005,344,25,50,201 to 500 employees
1773,2005,344,25,50,201 to 500 employees
1143,1874,385,2,5000,10000+ employees
1144,1996,162,100,500,5001 to 10000 employees
1145,-1,494,-1,-1,1 to 50 employees
1146,2012,495,1,5,1 to 50 employees
1147,-1,256,-1,-1,
1148,1967,261,500,1000,1001 to 5000 employees
1149,-1,164,5,10,51 to 200 employees
1150,-1,486,10,25,51 to 200 employees
1151,-1,195,1,-1,1 to 50 employees
1152,-1,164,1,-1,1 to 50 employees
1153,-1,256,-1,-1,
1154,1967,161,100,500,1001 to 5000 employees
1156,1996,496,10000,-1,5001 to 10000 employees
1157,1991,380,5,10000,10000+ employees
1158,1995,497,2,5000,10000+ employees
1159,-1,170,100,500,1 to 50 employees
1160,1967,261,500,1000,1001 to 5000 employees
1161,2013,162,50,100,201 to 500 employees
1162,1946,270,-1,-1,1001 to 5000 employees
1166,1999,304,-1,-1,51 to 200 employees
1167,1991,419,50,100,1001 to 5000 employees
1170,-1,159,-1,-1,51 to 200 employees
1171,-1,256,-1,-1,
1172,-1,498,-1,-1,51 to 200 employees
1174,2015,499,-1,-1,1001 to 5000 employees
1175,2008,112,50,100,1 to 50 employees
1176,1978,162,1,2000,5001 to 10000 employees
1178,-1,256,-1,-1,1 to 50 employees
1179,1996,159,-1,-1,1001 to 5000 employees
1181,-1,0,-1,-1,Unknown
1182,-1,0,1,-1,1 to 50 employees
1183,-1,448,1,5,1 to 50 employees
1184,-1,162,1,-1,1 to 50 employees
1185,1938,500,2,5000,10000+ employees
1189,-1,501,25,50,201 to 500 employees
1191,2011,385,-1,-1,501 to 1000 employees
1192,2006,275,2,5000,1001 to 5000 employees
1193,1995,502,5,10000,10000+ employees
1194,1923,503,2,5000,10000+ employees
1195,2001,164,10,25,1 to 50 employees
1196,-1,256,-1,-1,
1198,2013,164,1,5,1 to 50 employees
1241,2013,164,1,5,1 to 50 employees
1199,-1,256,-1,-1,
1200,1912,289,-1,-1,10000+ employees
1202,2010,189,25,50,51 to 200 employees
1203,1993,174,5,10000,10000+ employees
1375,1993,174,5,10000,10000+ employees
1204,1989,173,100,500,1001 to 5000 employees
1205,2012,182,10,25,51 to 200 employees
1206,1997,279,100,500,1001 to 5000 employees
1207,1990,174,100,500,51 to 200 employees
1209,2003,180,2,5000,10000+ employees
1213,-1,256,-1,-1,
1214,2009,182,-1,-1,51 to 200 employees
1215,-1,180,-1,-1,1 to 50 employees
1217,1996,504,-1,-1,501 to 1000 employees
1218,2016,181,-1,-1,51 to 200 employees
1219,-1,435,-1,-1,1 to 50 employees
1220,2016,181,-1,-1,201 to 500 employees
1221,2002,505,50,100,501 to 1000 employees
1268,2002,505,50,100,501 to 1000 employees
1667,2002,505,50,100,501 to 1000 employees
1223,-1,186,5,10,1001 to 5000 employees
1245,-1,186,5,10,1001 to 5000 employees
1398,-1,186,5,10,1001 to 5000 employees
1224,2011,207,5,10,51 to 200 employees
1225,-1,273,25,50,201 to 500 employees
1226,1997,183,5,10000,1001 to 5000 employees
1228,2000,282,100,500,1001 to 5000 employees
1230,2015,109,-1,-1,51 to 200 employees
1232,-1,331,1,5,1 to 50 employees
1234,1977,164,100,500,5001 to 10000 employees
1235,1988,178,100,500,501 to 1000 employees
1237,1994,194,10,25,501 to 1000 employees
1240,2006,90,25,50,51 to 200 employees
1242,2015,175,-1,-1,1 to 50 employees
1243,2011,175,100,500,201 to 500 employees
1244,1992,506,500,1000,5001 to 10000 employees
1481,1992,506,500,1000,5001 to 10000 employees
1582,1992,506,500,1000,5001 to 10000 employees
1246,1998,321,25,50,201 to 500 employees
1248,-1,256,-1,-1,
1249,-1,256,-1,-1,
1250,2007,186,-1,-1,201 to 500 employees
1251,1972,507,10000,-1,10000+ employees
1252,1992,419,-1,-1,1001 to 5000 employees
1253,-1,174,10,25,201 to 500 employees
1272,-1,174,10,25,201 to 500 employees
1254,1995,496,100,500,1001 to 5000 employees
1255,1891,184,10000,-1,10000+ employees
1257,1807,29,1,2000,5001 to 10000 employees
1258,1988,178,1,2000,5001 to 10000 employees
1259,2016,174,-1,-1,51 to 200 employees
1365,2016,174,-1,-1,51 to 200 employees
1260,-1,256,-1,-1,
1261,2013,179,-1,-1,501 to 1000 employees
1262,-1,184,-1,-1,5001 to 10000 employees
1263,-1,375,-1,-1,51 to 200 employees
1264,-1,177,-1,-1,51 to 200 employees
1266,1994,210,-1,-1,1 to 50 employees
1269,-1,256,-1,-1,
1270,2000,315,100,500,1001 to 5000 employees
1273,1997,177,100,500,1001 to 5000 employees
1274,-1,184,-1,-1,5001 to 10000 employees
1276,1996,338,100,500,1001 to 5000 employees
1277,2013,508,10000,-1,10000+ employees
1278,2000,207,-1,-1,51 to 200 employees
1279,2006,174,10,25,51 to 200 employees
1280,1995,509,-1,-1,51 to 200 employees
1281,2011,178,-1,-1,1001 to 5000 employees
1282,2014,180,-1,-1,1001 to 5000 employees
1284,-1,181,-1,-1,201 to 500 employees
1285,-1,279,-1,-1,1 to 50 employees
1286,-1,510,1,5,1 to 50 employees
1288,-1,256,-1,-1,
1289,-1,175,-1,-1,51 to 200 employees
1290,-1,278,10,25,1 to 50 employees
1292,2011,164,10,25,201 to 500 employees
1528,2011,164,10,25,201 to 500 employees
1293,1960,261,10,25,51 to 200 employees
1294,2011,181,25,50,51 to 200 employees
1295,1978,187,-1,-1,201 to 500 employees
1296,2003,207,1,2000,1001 to 5000 employees
1297,2006,175,-1,-1,201 to 500 employees
1298,2002,511,500,1000,501 to 1000 employees
1300,1957,180,2,5000,10000+ employees
1301,1996,182,500,1000,1001 to 5000 employees
1305,2014,188,50,100,501 to 1000 employees
1306,1990,178,-1,-1,1 to 50 employees
1307,1996,345,10,25,51 to 200 employees
1308,-1,256,-1,-1,
1309,1997,174,100,500,1001 to 5000 employees
1310,2009,180,1,5,1 to 50 employees
1311,-1,512,-1,-1,Unknown
1312,2002,59,-1,-1,201 to 500 employees
1316,2002,59,-1,-1,201 to 500 employees
1314,2010,156,5,10,51 to 200 employees
1315,-1,256,-1,-1,
1317,2000,182,2,5000,10000+ employees
1318,-1,178,10,25,1 to 50 employees
1319,2003,159,25,50,201 to 500 employees
1321,-1,256,-1,-1,
1322,2000,282,100,500,1001 to 5000 employees
1323,2006,513,1,-1,1 to 50 employees
1324,-1,174,-1,-1,1 to 50 employees
1325,1988,178,1,2000,5001 to 10000 employees
1326,2010,175,1,-1,51 to 200 employees
1327,2001,514,1,5,1 to 50 employees
1328,1996,443,-1,-1,501 to 1000 employees
1329,2000,181,5,10,1 to 50 employees
1330,-1,315,5,10,51 to 200 employees
1625,-1,315,5,10,51 to 200 employees
1334,-1,256,-1,-1,
1833,-1,256,-1,-1,
1335,-1,194,-1,-1,51 to 200 employees
1337,2006,180,50,100,501 to 1000 employees
1340,1995,178,10000,-1,10000+ employees
1341,1998,241,-1,-1,501 to 1000 employees
1342,2017,190,25,50,1 to 50 employees
1343,1996,515,25,50,51 to 200 employees
1345,2014,0,-1,-1,201 to 500 employees
1356,2014,0,-1,-1,201 to 500 employees
1346,1912,190,-1,-1,10000+ employees
1347,2014,190,-1,-1,51 to 200 employees
1348,2008,207,-1,-1,201 to 500 employees
1349,1912,190,-1,-1,10000+ employees
1350,2007,207,500,1000,1001 to 5000 employees
1352,2010,0,10,25,51 to 200 employees
1353,-1,190,5,10,51 to 200 employees
1354,1937,190,-1,-1,501 to 1000 employees
1345,1980,0,1,2000,5001 to 10000 employees
1356,1980,0,1,2000,5001 to 10000 employees
1357,1999,190,25,50,51 to 200 employees
1358,2015,190,-1,-1,1 to 50 employees
1360,2012,286,10,25,51 to 200 employees
1361,1998,516,-1,-1,1001 to 5000 employees
1362,2013,190,1,-1,1 to 50 employees
1364,2004,179,5,10000,10000+ employees
1366,1999,190,-1,-1,1001 to 5000 employees
1367,-1,190,-1,-1,501 to 1000 employees
1368,-1,376,1,5,1 to 50 employees
1369,2004,190,100,500,1001 to 5000 employees
1370,1938,517,25,50,201 to 500 employees
1371,1988,190,-1,-1,1 to 50 employees
1372,-1,190,100,500,501 to 1000 employees
1373,-1,256,-1,-1,
1374,-1,193,-1,-1,51 to 200 employees
1376,2015,518,-1,-1,1 to 50 employees
1379,-1,159,-1,-1,Unknown
1380,2005,190,100,500,501 to 1000 employees
1381,2006,519,2,5000,10000+ employees
1382,-1,190,1,-1,1 to 50 employees
1383,-1,256,-1,-1,
1384,2010,207,-1,-1,1001 to 5000 employees
1385,1987,520,2,5000,10000+ employees
1386,1999,270,100,500,10000+ employees
1387,1991,190,-1,-1,10000+ employees
1388,2006,521,50,100,201 to 500 employees
1389,1936,190,50,100,501 to 1000 employees
1390,1996,270,10,25,201 to 500 employees
1393,-1,522,-1,-1,Unknown
1394,2006,357,50,100,501 to 1000 employees
1397,-1,256,-1,-1,
1399,1957,190,-1,-1,201 to 500 employees
1400,-1,256,-1,-1,
1401,2007,190,5,10,1 to 50 employees
1402,-1,334,1,-1,Unknown
1403,-1,190,-1,-1,1 to 50 employees
1404,2015,193,-1,-1,1 to 50 employees
1405,-1,256,-1,-1,
1406,-1,0,1,-1,1 to 50 employees
1407,-1,190,100,500,501 to 1000 employees
1409,-1,190,-1,-1,1001 to 5000 employees
1410,1994,194,100,500,51 to 200 employees
1412,1870,523,10000,-1,10000+ employees
1416,1998,524,-1,-1,201 to 500 employees
1417,1921,525,1,-1,1 to 50 employees
1418,-1,256,-1,-1,
1419,-1,256,-1,-1,
1420,1990,90,2,5000,5001 to 10000 employees
1421,-1,62,-1,-1,51 to 200 employees
1422,1982,441,-1,-1,51 to 200 employees
1424,1923,526,10000,-1,10000+ employees
1425,-1,351,1,5,1 to 50 employees
1426,1991,527,50,100,51 to 200 employees
1427,2011,163,-1,-1,1 to 50 employees
1428,1935,195,2,5000,5001 to 10000 employees
1429,1992,273,1,5,51 to 200 employees
1431,2006,528,-1,-1,51 to 200 employees
1432,1995,295,10000,-1,10000+ employees
1788,1995,295,10000,-1,10000+ employees
1825,1995,295,10000,-1,10000+ employees
1433,1992,195,5,10000,5001 to 10000 employees
1434,-1,196,-1,-1,51 to 200 employees
1435,-1,195,25,50,51 to 200 employees
1437,1999,271,50,100,201 to 500 employees
1438,1986,334,-1,-1,1001 to 5000 employees
1440,-1,256,-1,-1,
1441,-1,315,1,-1,1 to 50 employees
1442,1999,529,25,50,501 to 1000 employees
1444,2012,198,-1,-1,201 to 500 employees
1445,1892,198,1,2000,10000+ employees
1447,1892,530,2,5000,10000+ employees
1449,-1,256,-1,-1,
1450,1969,531,-1,-1,10000+ employees
1451,1888,532,10000,-1,10000+ employees
1453,-1,198,5,10,1 to 50 employees
1455,-1,201,1,-1,1 to 50 employees
1456,2004,198,-1,-1,1001 to 5000 employees
1457,2000,334,500,1000,501 to 1000 employees
1458,-1,377,5,10,51 to 200 employees
1459,-1,256,-1,-1,
1460,1997,201,50,100,201 to 500 employees
1461,-1,59,1,5,1 to 50 employees
1464,2008,198,1,5,1 to 50 employees
1465,1888,532,10000,-1,10000+ employees
1466,-1,533,-1,-1,Unknown
1468,1892,198,1,2000,10000+ employees
1469,1799,0,10000,-1,10000+ employees
1470,1994,334,50,100,201 to 500 employees
1471,1852,207,10000,-1,10000+ employees
1682,1852,207,10000,-1,10000+ employees
1472,2017,202,-1,-1,1001 to 5000 employees
1473,-1,202,-1,-1,51 to 200 employees
1474,1989,277,10000,-1,10000+ employees
1475,1968,294,10000,-1,10000+ employees
1476,1981,534,-1,-1,1 to 50 employees
1477,2004,321,10,25,51 to 200 employees
1480,1983,395,2,5000,1001 to 5000 employees
1483,1980,535,50,100,201 to 500 employees
1486,1999,453,25,50,51 to 200 employees
1487,1968,0,10000,-1,10000+ employees
1491,-1,352,1,5,51 to 200 employees
1493,-1,256,-1,-1,
1494,1997,315,10,25,51 to 200 employees
1728,1997,315,10,25,51 to 200 employees
1497,2002,511,500,1000,501 to 1000 employees
1498,-1,256,-1,-1,
1499,2005,202,100,500,501 to 1000 employees
1500,1935,204,5,10000,1001 to 5000 employees
1501,1967,306,10000,-1,10000+ employees
1504,-1,205,1,-1,1 to 50 employees
1507,2019,202,-1,-1,10000+ employees
1508,-1,536,1,5,1 to 50 employees
1509,1973,206,10,25,51 to 200 employees
1510,-1,202,5,10,1 to 50 employees
1511,2016,159,50,100,501 to 1000 employees
1512,1983,33,50,100,501 to 1000 employees
1514,1698,255,50,100,1001 to 5000 employees
1515,1967,306,10000,-1,10000+ employees
1516,-1,344,-1,-1,Unknown
1517,-1,202,50,100,501 to 1000 employees
1519,-1,537,-1,-1,1 to 50 employees
1521,-1,538,5,10,1 to 50 employees
1522,-1,256,-1,-1,
1523,1990,0,-1,-1,51 to 200 employees
1524,1946,203,10000,-1,10000+ employees
1526,-1,256,-1,-1,
1527,2006,202,2,5000,1001 to 5000 employees
1529,-1,256,-1,-1,
1530,2006,177,1,5,1 to 50 employees
1531,1998,32,25,50,201 to 500 employees
1533,1999,539,500,1000,51 to 200 employees
1535,2004,90,1,5,1 to 50 employees
1536,1975,329,100,500,1001 to 5000 employees
1537,1982,208,2,5000,5001 to 10000 employees
1759,1982,208,2,5000,5001 to 10000 employees
1538,2006,208,100,500,51 to 200 employees
1539,2008,207,-1,-1,51 to 200 employees
1540,1997,372,10000,-1,1001 to 5000 employees
1541,2014,210,-1,-1,51 to 200 employees
1542,2008,209,5,10,51 to 200 employees
1543,2011,207,-1,-1,201 to 500 employees
1544,2002,209,500,1000,1001 to 5000 employees
1546,2011,207,10,25,51 to 200 employees
1547,-1,540,-1,-1,1 to 50 employees
1548,2014,207,10,25,1 to 50 employees
1549,2011,207,-1,-1,1 to 50 employees
1551,2014,181,-1,-1,51 to 200 employees
1552,2005,541,-1,-1,501 to 1000 employees
1554,2016,207,-1,-1,501 to 1000 employees
1555,-1,207,-1,-1,1 to 50 employees
1556,2017,207,-1,-1,51 to 200 employees
1557,2010,207,-1,-1,51 to 200 employees
1558,2012,209,-1,-1,1001 to 5000 employees
1560,2012,207,25,50,51 to 200 employees
1561,2002,207,-1,-1,501 to 1000 employees
1563,2014,207,1,5,51 to 200 employees
1564,2012,207,-1,-1,501 to 1000 employees
1565,2012,207,-1,-1,51 to 200 employees
1566,2016,207,-1,-1,1 to 50 employees
1567,2014,207,50,100,201 to 500 employees
1568,2007,207,-1,-1,501 to 1000 employees
1569,-1,256,-1,-1,
1570,1924,207,50,100,201 to 500 employees
1571,-1,207,1,-1,1 to 50 employees
1572,1907,207,50,100,10000+ employees
1573,2009,213,5,10,51 to 200 employees
1574,2012,209,-1,-1,201 to 500 employees
1575,2012,207,-1,-1,51 to 200 employees
1576,-1,207,1,-1,1 to 50 employees
1577,-1,109,-1,-1,51 to 200 employees
1578,2004,541,-1,-1,201 to 500 employees
1672,2004,541,-1,-1,201 to 500 employees
1579,-1,297,-1,-1,Unknown
1580,2012,0,-1,-1,501 to 1000 employees
1581,2009,210,-1,-1,1001 to 5000 employees
1584,2007,211,-1,-1,51 to 200 employees
1585,2004,232,-1,-1,1001 to 5000 employees
1586,-1,256,-1,-1,
1587,2006,207,2,5000,1001 to 5000 employees
1588,1864,207,25,50,10000+ employees
1589,2001,542,50,100,201 to 500 employees
1590,-1,207,-1,-1,1 to 50 employees
1594,-1,164,-1,-1,51 to 200 employees
1595,2000,357,25,50,201 to 500 employees
1596,2012,207,-1,-1,5001 to 10000 employees
1597,1985,207,10000,-1,1001 to 5000 employees
1600,2016,207,-1,-1,51 to 200 employees
1601,2011,207,-1,-1,201 to 500 employees
1602,1999,213,100,500,501 to 1000 employees
1603,-1,263,1,5,1 to 50 employees
1604,2016,207,-1,-1,51 to 200 employees
1605,2013,207,-1,-1,201 to 500 employees
1606,2007,214,1,5,1 to 50 employees
1607,2008,207,-1,-1,201 to 500 employees
1609,2000,543,100,500,1001 to 5000 employees
1680,2000,543,100,500,1001 to 5000 employees
1691,2000,543,100,500,1001 to 5000 employees
1610,1902,258,10000,-1,10000+ employees
1612,2014,207,-1,-1,51 to 200 employees
1613,-1,209,5,10,Unknown
1614,-1,109,-1,-1,51 to 200 employees
1616,1996,221,10,25,51 to 200 employees
1617,1999,213,100,500,501 to 1000 employees
1618,-1,256,-1,-1,
1619,2015,212,1,5,1 to 50 employees
1755,2015,212,1,5,1 to 50 employees
1620,2010,164,1,5,1 to 50 employees
1621,-1,256,-1,-1,
1622,-1,544,-1,-1,51 to 200 employees
1623,2014,218,-1,-1,51 to 200 employees
1624,2011,207,-1,-1,1001 to 5000 employees
1626,2010,32,50,100,201 to 500 employees
1627,2009,207,1,2000,1001 to 5000 employees
1628,-1,359,-1,-1,1 to 50 employees
1629,-1,545,-1,-1,Unknown
1630,1993,546,100,500,1001 to 5000 employees
1631,-1,256,-1,-1,
1632,1993,0,1,2000,1001 to 5000 employees
1633,1996,221,10,25,51 to 200 employees
1634,-1,207,-1,-1,1 to 50 employees
1635,-1,207,-1,-1,51 to 200 employees
1636,-1,59,-1,-1,Unknown
1637,2017,321,-1,-1,1 to 50 employees
1638,-1,547,-1,-1,1 to 50 employees
1639,2009,220,25,50,51 to 200 employees
1640,-1,173,1,-1,1 to 50 employees
1641,2006,548,25,50,201 to 500 employees
1643,1874,207,2,5000,10000+ employees
1645,-1,549,5,10,51 to 200 employees
1646,2002,164,10,25,501 to 1000 employees
1648,-1,550,-1,-1,Unknown
1651,1952,222,2,5000,5001 to 10000 employees
1652,2007,551,-1,-1,1 to 50 employees
1653,2013,207,-1,-1,501 to 1000 employees
1655,-1,256,-1,-1,
1657,2012,180,10,25,51 to 200 employees
1658,2016,207,-1,-1,51 to 200 employees
1659,-1,207,-1,-1,51 to 200 employees
1660,1682,211,500,1000,10000+ employees
1661,-1,209,-1,-1,1 to 50 employees
1663,-1,256,-1,-1,
1665,2014,209,-1,-1,201 to 500 employees
1666,-1,552,-1,-1,201 to 500 employees
1669,-1,314,-1,-1,201 to 500 employees
1670,2011,186,5,10,51 to 200 employees
1671,1999,207,2,5000,201 to 500 employees
1673,2007,331,100,500,5001 to 10000 employees
1674,1995,509,-1,-1,51 to 200 employees
1675,2001,216,10,25,1 to 50 employees
1677,1947,209,5,10000,5001 to 10000 employees
1678,1981,369,5,10000,10000+ employees
1679,2012,32,100,500,1001 to 5000 employees
1683,1997,189,-1,-1,501 to 1000 employees
1684,2015,553,-1,-1,51 to 200 employees
1685,-1,101,-1,-1,5001 to 10000 employees
1686,2000,543,100,500,1001 to 5000 employees
1692,2000,543,100,500,1001 to 5000 employees
1688,-1,207,-1,-1,5001 to 10000 employees
1689,2015,553,-1,-1,51 to 200 employees
1690,1980,224,2,5000,1001 to 5000 employees
1693,-1,554,-1,-1,1 to 50 employees
1694,1998,331,1,5,1 to 50 employees
1695,2001,225,100,500,1001 to 5000 employees
1696,2014,127,2,5000,5001 to 10000 employees
1697,1998,390,10,25,51 to 200 employees
1698,2012,226,1,5,1 to 50 employees
1699,-1,174,1,-1,1 to 50 employees
1700,2015,207,-1,-1,51 to 200 employees
1701,1998,226,1,-1,1001 to 5000 employees
1703,-1,390,25,50,1001 to 5000 employees
1704,2001,271,50,100,1001 to 5000 employees
1705,-1,331,1,-1,1 to 50 employees
1707,1998,277,50,100,5001 to 10000 employees
1708,1890,555,10000,-1,10000+ employees
1710,1951,226,100,500,1001 to 5000 employees
1711,1997,556,2,5000,1001 to 5000 employees
1712,1875,557,2,5000,10000+ employees
1713,-1,558,-1,-1,51 to 200 employees
1714,1979,225,2,5000,1001 to 5000 employees
1715,1996,258,500,1000,5001 to 10000 employees
1716,2011,232,-1,-1,1001 to 5000 employees
1717,1997,334,-1,-1,1001 to 5000 employees
1718,1975,231,10000,-1,10000+ employees
1720,1917,232,500,1000,1001 to 5000 employees
1721,-1,232,1,-1,1 to 50 employees
1722,1976,233,10000,-1,10000+ employees
1723,2008,559,10,25,51 to 200 employees
1724,-1,256,-1,-1,
1725,1996,202,500,1000,1001 to 5000 employees
1726,2000,234,10,25,1001 to 5000 employees
1729,-1,235,-1,-1,51 to 200 employees
1730,1992,419,25,50,501 to 1000 employees
1731,1975,232,100,500,1001 to 5000 employees
1732,-1,445,1,-1,1 to 50 employees
1733,1945,419,5,10000,10000+ employees
1765,1945,419,5,10000,10000+ employees
1734,1998,173,50,100,201 to 500 employees
1737,2001,235,25,50,51 to 200 employees
1739,-1,560,10000,-1,5001 to 10000 employees
1740,-1,256,-1,-1,
1742,2016,375,100,500,1001 to 5000 employees
1743,1992,561,10,25,1 to 50 employees
1744,1990,235,25,50,51 to 200 employees
1745,-1,256,-1,-1,
1746,2012,164,5,10,1 to 50 employees
1747,-1,256,-1,-1,
1748,2006,304,10,25,201 to 500 employees
1751,1876,289,2,5000,10000+ employees
1752,2001,235,25,50,51 to 200 employees
1753,1785,238,2,5000,10000+ employees
1756,1997,109,100,500,501 to 1000 employees
1757,-1,256,-1,-1,
1758,2001,241,100,500,201 to 500 employees
1760,2010,241,-1,-1,51 to 200 employees
1761,2008,207,1,2000,1001 to 5000 employees
1762,2005,241,10,25,1 to 50 employees
1764,1997,331,10,25,51 to 200 employees
1766,1993,562,5,10,201 to 500 employees
1768,2018,241,-1,-1,1 to 50 employees
1770,2013,243,1,5,51 to 200 employees
1771,1997,109,100,500,501 to 1000 employees
1772,2015,241,-1,-1,51 to 200 employees
1775,1909,549,10000,-1,10000+ employees
1778,2005,294,100,500,1001 to 5000 employees
1780,-1,563,5,10,51 to 200 employees
1781,-1,178,1,5,51 to 200 employees
1782,1993,278,-1,-1,201 to 500 employees
1783,2012,241,-1,-1,501 to 1000 employees
1784,2000,173,25,50,501 to 1000 employees
1785,-1,241,-1,-1,10000+ employees
1803,-1,241,-1,-1,10000+ employees
1786,1973,207,5,10000,10000+ employees
1787,2007,249,25,50,51 to 200 employees
1789,2007,15,5,10000,10000+ employees
1790,2001,247,5,10,51 to 200 employees
1791,-1,256,-1,-1,
1793,1921,262,-1,-1,1001 to 5000 employees
1794,2002,348,500,1000,501 to 1000 employees
1795,1957,142,500,1000,1001 to 5000 employees
1796,2005,564,-1,-1,201 to 500 employees
1797,-1,241,-1,-1,1 to 50 employees
1798,2007,241,25,50,51 to 200 employees
1799,-1,256,-1,-1,
1800,-1,317,1,-1,1 to 50 employees
1801,-1,256,-1,-1,
1805,-1,241,1,-1,1 to 50 employees
1807,-1,348,1,5,1 to 50 employees
1808,1789,275,-1,-1,501 to 1000 employees
1809,1930,565,10000,-1,10000+ employees
1811,1963,126,10000,-1,10000+ employees
1826,1963,126,10000,-1,10000+ employees
1812,1990,566,-1,-1,501 to 1000 employees
1813,1989,90,10,25,51 to 200 employees
1816,2013,194,1,-1,5001 to 10000 employees
1818,-1,253,5,10,51 to 200 employees
1819,1991,567,-1,-1,501 to 1000 employees
1820,-1,568,1,-1,1 to 50 employees
1821,2000,249,10,25,501 to 1000 employees
1822,2006,445,25,50,201 to 500 employees
1824,1937,109,100,500,501 to 1000 employees
1827,1972,569,50,100,501 to 1000 employees
1835,1935,242,10000,-1,10000+ employees
1836,1984,570,25,50,201 to 500 employees
1837,1864,251,2,5000,10000+ employees